,DATE,15dH,15dL,15dC,15dV,Date_N,EXPINF10YR,REAINTRATREARAT10Y,CPIAUCSL,FEDFUNDS,UNRATE,GDP,NFCI,Close
1,1982-02,119.80999755859375,112.81999969482422,115.77300033569335,482290000,1982.0833333333333,6.1976115,7.62374231,94.4,13.22,8.6,3274.302,1.94193,113.11000061035156
2,1982-03,114.80000305175781,104.45999908447266,109.9209081476385,677580000,1982.1666666666667,6.0792322,7.65664807,94.7,14.78,8.9,3293.5253333333335,2.09219,111.95999908447266
3,1982-04,117.12000274658203,111.4800033569336,115.48500061035156,506350000,1982.25,5.6481299,7.12899337,94.7,14.68,9.0,3312.748666666667,2.17164,116.44000244140625
4,1982-05,119.91999816894531,115.91000366210938,118.32999954223632,567060000,1982.3333333333333,5.7131884,7.40834717,95.0,14.94,9.3,3331.972,2.38438,111.87999725341797
5,1982-06,112.4800033569336,108.52999877929688,110.44636327570134,535280000,1982.4166666666667,5.6899798,7.32004091,95.9,14.45,9.4,3343.422,2.80708,109.61000061035156
6,1982-07,110.94999694824219,105.56999969482422,108.71600036621093,572180000,1982.5,5.6023786,7.34537864,97.0,14.15,9.6,3354.8720000000003,2.98104,107.08999633789062
7,1982-08,109.43000030517578,102.19999694824219,104.66100006103515,521820000,1982.5833333333333,5.9160055,7.55898662,97.5,12.59,9.8,3366.322,3.07163,119.51000213623047
8,1982-09,124.80999755859375,117.83999633789062,121.73600006103516,791840000,1982.6666666666667,5.6967159,6.87979814,97.7,10.12,9.8,3378.4016666666666,3.47186,120.41999816894531
9,1982-10,137.97000122070312,120.1500015258789,129.54909446022728,1145770000,1982.75,5.733214,6.50722489,97.7,10.31,10.1,3390.4813333333336,2.76774,133.72000122070312
10,1982-11,144.36000061035156,133.22000122070312,140.25181995738637,1113300000,1982.8333333333333,5.3410651,6.27916218,98.1,9.71,10.4,3402.561,1.50079,138.52999877929688
11,1982-12,143.67999267578125,135.1199951171875,139.51818431507456,969220000,1982.9166666666667,4.7173264,5.62621423,98.0,9.2,10.8,3426.1783333333333,0.82577,140.63999938964844
12,1983-01,148.36000061035156,138.0800018310547,144.3739990234375,960200000,1983.0,4.8624209,5.88173142,97.7,8.95,10.8,3449.795666666667,0.39891,145.3000030517578
13,1983-02,149.41000366210938,141.89999389648438,146.05454323508522,914880000,1983.0833333333333,4.717531,5.5433895,97.9,8.68,10.4,3473.413,0.11675,148.05999755859375
14,1983-03,154.16000366210938,148.07000732421875,152.1245450106534,956350000,1983.1666666666667,4.8609296,5.86170487,98.0,8.51,10.4,3508.558,0.0267,152.9600067138672
15,1983-04,158.75,150.1699981689453,154.51699981689453,798760000,1983.25,4.6099924,5.57383847,98.1,8.77,10.3,3543.703,-0.007,164.42999267578125
16,1983-05,166.99000549316406,160.8000030517578,164.4020004272461,980140000,1983.3333333333333,4.7379918,5.70012244,98.8,8.8,10.2,3578.848,-0.15158,162.38999938964844
17,1983-06,167.1199951171875,160.8000030517578,163.8099989457564,977870000,1983.4166666666667,4.5383586,5.40239353,99.2,8.63,10.1,3615.625,-0.19788,167.63999938964844
18,1983-07,169.14999389648438,164.02999877929688,166.7759994506836,729140000,1983.5,4.7208859,5.80955824,99.4,8.98,10.1,3652.402,-0.11531,162.55999755859375
19,1983-08,164.75999450683594,158.5,161.70999839089134,862210000,1983.5833333333333,4.8680949,5.8185791,99.8,9.37,9.4,3689.179,-0.08503,164.39999389648438
20,1983-09,169.1999969482422,163.9499969482422,165.9780014038086,806180000,1983.6666666666667,5.0178961,6.26942178,100.1,9.56,9.5,3724.3546666666666,-0.10101,166.07000732421875
21,1983-10,172.64999389648438,164.92999267578125,169.3239990234375,852650000,1983.75,5.1079768,6.35502485,100.4,9.45,9.2,3759.5303333333336,-0.0371,163.5500030517578
22,1983-11,167.5800018310547,161.6300048828125,164.06090892444956,882220000,1983.8333333333333,4.9742005,6.03269333,100.8,9.48,8.8,3794.706,0.08493,166.39999389648438
23,1983-12,166.77000427246094,161.66000366210938,164.9899999445135,1024000000,1983.9166666666667,5.0693748,6.14393792,101.1,9.34,8.5,3832.4886666666666,0.12629,164.92999267578125
24,1984-01,169.5399932861328,163.97999572753906,167.59222073025174,998430000,1984.0,5.0893714,6.14842454,101.4,9.47,8.3,3870.2713333333336,-0.02046,163.41000366210938
25,1984-02,164.0,154.1300048828125,158.11000199751422,1126690000,1984.0833333333333,5.0640591,6.21530449,102.1,9.56,8.0,3908.054,-0.16608,157.05999755859375
26,1984-03,159.89999389648438,153.77000427246094,156.6345478404652,931460000,1984.1666666666667,5.0342412,6.1010181,102.6,9.59,7.8,3941.9030000000002,-0.16399,159.17999267578125
27,1984-04,159.8699951171875,154.1199951171875,156.50599670410156,881680000,1984.25,5.1736894,6.46257937,102.9,9.91,7.8,3975.752,0.15641,160.0500030517578
28,1984-05,162.11000061035156,157.1999969482422,159.8163632479581,1000820000,1984.3333333333333,5.3137983,6.62874874,103.3,10.29,7.7,4009.601,0.65317,150.5500030517578
29,1984-06,155.39999389648438,149.02000427246094,153.0118172385476,896820000,1984.4166666666667,5.4463469,6.85146491,103.5,10.32,7.4,4034.484,1.17778,153.17999267578125
30,1984-07,153.8699951171875,149.6300048828125,152.17999945746527,671050000,1984.5,5.735139,7.34576833,103.7,11.06,7.2,4059.367,1.1876,150.66000366210938
31,1984-08,168.58999633789062,150.66000366210938,162.28181873668325,1542310000,1984.5833333333333,5.7354156,7.44614428,104.1,11.23,7.5,4084.25,0.81369,166.67999267578125
32,1984-09,169.64999389648438,163.05999755859375,165.47777472601996,808980000,1984.6666666666667,5.4270067,6.87114867,104.4,11.64,7.5,4105.683666666667,0.47377,166.10000610351562
33,1984-10,166.14999389648438,160.02000427246094,163.17181673916903,899310000,1984.75,5.4416381,6.97565415,104.7,11.3,7.3,4127.117333333334,0.25685,166.08999633789062
34,1984-11,170.41000366210938,165.38999938964844,167.68727389248934,953910000,1984.8333333333333,5.2147606,6.60885326,105.1,9.99,7.4,4148.551,0.04711,163.5800018310547
35,1984-12,163.91000366210938,161.5399932861328,162.63500213623047,858810000,1984.9166666666667,5.0159744,6.06648144,105.3,9.43,7.2,4175.756666666667,-0.15722,167.24000549316406
36,1985-01,171.82000732421875,163.36000061035156,166.45699920654297,1024210000,1985.0,5.0342399,6.07562511,105.5,8.38,7.3,4202.962333333333,-0.32645,179.6300048828125
37,1985-02,183.9499969482422,177.75,181.13272927024147,1376000000,1985.0833333333333,5.1142968,6.16190057,105.7,8.35,7.3,4230.168,-0.35373,181.17999267578125
38,1985-03,183.88999938964844,176.52999877929688,179.79908891157672,1171040000,1985.1666666666667,5.0420932,6.01581783,106.3,8.5,7.2,4251.741,-0.26648,180.66000366210938
39,1985-04,181.86000061035156,177.86000061035156,179.725,921410000,1985.25,5.262634,6.38383581,106.8,8.58,7.2,4273.313999999999,-0.26765,179.8300018310547
40,1985-05,185.42999267578125,178.35000610351562,181.64090659401634,1131910000,1985.3333333333333,5.0197753,6.19138804,107.0,8.27,7.3,4294.887,-0.38357,189.5500030517578
41,1985-06,191.2899932861328,185.02999877929688,188.88499908447267,1088960000,1985.4166666666667,4.984325,5.93748656,107.2,7.97,7.2,4325.515666666666,-0.4536,191.85000610351562
42,1985-07,193.83999633789062,190.80999755859375,192.2709976196289,1005970000,1985.5,4.5913278,5.1560053,107.5,7.53,7.4,4356.144333333334,-0.38442,190.9199981689453
43,1985-08,192.1699981689453,186.50999450683594,188.78999883478338,1007140000,1985.5833333333333,4.5623268,5.33392835,107.7,7.88,7.4,4386.773,-0.25585,188.6300048828125
44,1985-09,188.8000030517578,182.0500030517578,186.39666748046875,869670000,1985.6666666666667,4.7152609,5.59011814,107.9,7.9,7.1,4405.88,-0.11348,182.0800018310547
45,1985-10,187.16000366210938,181.16000366210938,183.86181779341265,1174280000,1985.75,4.6239161,5.4232741,108.1,7.92,7.1,4424.987,-0.18179,189.82000732421875
46,1985-11,199.5800018310547,189.3699951171875,194.89818087491122,1379100000,1985.8333333333333,4.6152271,5.40769529,108.5,7.99,7.1,4444.094,-0.32752,202.1699981689453
47,1985-12,210.30999755859375,200.10000610351562,204.40400085449218,1500300000,1985.9166666666667,4.4988455,5.2424908,109.0,8.05,7.0,4465.3606666666665,-0.28659,211.27999877929688
48,1986-01,214.57000732421875,204.50999450683594,208.65800018310546,1281170000,1986.0,4.3655158,5.08076952,109.5,8.27,7.0,4486.627333333334,-0.2483,211.77999877929688
49,1986-02,219.75999450683594,210.82000732421875,215.3029998779297,1445500000,1986.0833333333333,4.1387884,4.54718526,109.9,8.14,6.7,4507.894,-0.29293,226.9199981689453
50,1986-03,236.5500030517578,222.17999267578125,228.53900146484375,1674900000,1986.1666666666667,4.1181726,4.62388041,109.7,7.86,7.2,4520.376,-0.3081,238.89999389648438
51,1986-04,239.10000610351562,226.3000030517578,234.12091064453125,1595200000,1986.25,3.7367611,4.20918205,109.1,7.48,7.2,4532.858,-0.39009,235.52000427246094
52,1986-05,238.52999877929688,233.92999267578125,236.54000022194603,1408000000,1986.3333333333333,3.5536733,3.94830491,108.7,6.99,7.1,4545.34,-0.52078,247.35000610351562
53,1986-06,247.74000549316406,238.22999572753906,243.36999969482423,1200100000,1986.4166666666667,3.6077332,4.04659032,109.0,6.85,7.2,4566.116333333333,-0.48032,250.83999633789062
54,1986-07,253.1999969482422,233.60000610351562,244.1989990234375,1439100000,1986.5,3.9272729,4.58448381,109.4,6.92,7.2,4586.892666666667,-0.44921,236.1199951171875
55,1986-08,247.14999389648438,231.9199981689453,240.16181668368253,1415200000,1986.5833333333333,3.6712197,3.99302785,109.5,6.56,7.0,4607.669,-0.59043,252.92999267578125
56,1986-09,254.1300048828125,228.74000549316406,244.3559997558594,1724600000,1986.6666666666667,3.6324582,3.9205807,109.6,6.17,6.9,4624.321666666667,-0.58104,231.32000732421875
57,1986-10,239.02999877929688,231.32000732421875,235.319091796875,1329440000,1986.75,3.4359002,3.55172642,110.0,5.89,7.0,4640.974333333334,-0.51411,243.97999572753906
58,1986-11,247.6699981689453,241.9600067138672,245.75900115966797,1529200000,1986.8333333333333,3.6344365,3.86705459,110.2,5.85,7.0,4657.627,-0.54747,249.22000122070312
59,1986-12,254.8699951171875,244.9199981689453,250.5672746138139,1699200000,1986.9166666666667,3.5555861,3.74388639,110.4,6.04,6.9,4679.136666666667,-0.52348,242.1699981689453
60,1987-01,266.67999267578125,242.1699981689453,257.11400146484374,1863880000,1987.0,3.4800833,3.54373436,110.8,6.91,6.6,4700.646333333333,-0.46709,274.0799865722656
61,1987-02,282.260009765625,273.1600036621094,277.9370056152344,1907500000,1987.0833333333333,3.5240979,3.60456573,111.4,6.43,6.6,4722.156,-0.47247,284.20001220703125
62,1987-03,292.510009765625,282.29998779296875,288.7499969482422,1743800000,1987.1666666666667,3.5218239,3.57858135,111.8,6.1,6.6,4750.157333333334,-0.35129,291.70001220703125
63,1987-04,303.6499938964844,275.6700134277344,292.44454678622157,2114400000,1987.25,3.3855791,3.55478545,112.2,6.13,6.6,4778.158666666666,0.0794,288.3599853515625
64,1987-05,298.69000244140625,286.3900146484375,292.43635975230825,1929500000,1987.3333333333333,3.6251496,3.76019917,112.7,6.37,6.3,4806.16,0.62143,290.1000061035156
65,1987-06,304.1099853515625,286.92999267578125,295.9327281605114,1705200000,1987.4166666666667,3.9809201,4.3597144,113.0,6.85,6.3,4832.291666666667,0.58574,304.0
66,1987-07,312.0799865722656,302.5299987792969,307.3800018310547,1783300000,1987.5,3.9050188,4.33241266,113.5,6.73,6.2,4858.423333333333,0.29315,318.6600036621094
67,1987-08,336.0799865722656,314.510009765625,325.9700012207031,2086000000,1987.5833333333333,3.9670631,4.27752862,113.8,6.58,6.1,4884.555,0.00793,329.79998779296875
68,1987-09,332.17999267578125,308.55999755859375,318.93999938964845,1743900000,1987.6666666666667,4.0511275,4.48023176,114.3,6.73,6.0,4925.701333333333,0.24951,321.8299865722656
69,1987-10,328.94000244140625,298.07000732421875,315.790000221946,2046300000,1987.75,4.1489692,4.60420021,114.7,7.22,5.9,4966.847666666667,0.837,251.7899932861328
70,1987-11,257.2099914550781,237.63999938964844,247.86500091552733,1934640000,1987.8333333333333,4.2518415,4.95924181,115.0,7.29,6.0,5007.994,1.18238,230.3000030517578
71,1987-12,245.58999633789062,221.24000549316406,233.73000127618963,2036410000,1987.9166666666667,4.1747832,4.52543171,115.4,6.69,5.8,5029.786666666667,1.01827,247.0800018310547
72,1988-01,261.7799987792969,240.4600067138672,251.45800323486327,1750960000,1988.0,4.2591451,4.57927551,115.6,6.77,5.7,5051.579333333333,0.56635,257.07000732421875
73,1988-02,258.8599853515625,247.82000732421875,253.7050033569336,1857780000,1988.0833333333333,4.2204345,4.60538556,116.0,6.83,5.7,5073.372,0.23968,267.82000732421875
74,1988-03,270.760009765625,261.2699890136719,267.0481817072088,2068240000,1988.1666666666667,3.8472522,4.09836913,116.2,6.58,5.7,5112.26,0.11545,258.8900146484375
75,1988-04,272.04998779296875,255.67999267578125,264.83099670410155,1778290000,1988.25,3.8109943,4.04273806,116.5,6.58,5.7,5151.148,0.24453,261.3299865722656
76,1988-05,263.70001220703125,252.32000732421875,257.9250030517578,1520990000,1988.3333333333333,4.0198724,4.41655648,117.2,6.87,5.4,5190.036,0.28764,262.1600036621094
77,1988-06,276.1400146484375,262.1000061035156,269.4409096457741,2142490000,1988.4166666666667,4.0553785,4.49627175,117.5,7.09,5.6,5220.969,0.25967,273.5
78,1988-07,276.3599853515625,266.1199951171875,271.1439971923828,1767920000,1988.5,4.1290591,4.65088068,118.0,7.51,5.4,5251.902,0.37254,272.0199890136719
79,1988-08,274.20001220703125,258.67999267578125,267.51727017489344,1808040000,1988.5833333333333,4.0784464,4.43535275,118.5,7.75,5.4,5282.835,0.43612,261.5199890136719
80,1988-09,269.7799987792969,256.9800109863281,265.8350006103516,1472490000,1988.6666666666667,4.0871682,4.54274482,119.0,8.01,5.6,5321.726333333333,0.34855,271.9100036621094
81,1988-10,278.69000244140625,268.8399963378906,274.5190002441406,1568400000,1988.75,4.1697337,4.70786025,119.5,8.19,5.4,5360.617666666667,0.24332,278.9700012207031
82,1988-11,280.3699951171875,266.7900085449219,273.9736355868253,1560270000,1988.8333333333333,4.0496883,4.46199391,119.9,8.3,5.4,5399.509,0.18229,273.70001220703125
83,1988-12,279.010009765625,270.4700012207031,275.54454179243606,1488940000,1988.9166666666667,4.0008188,4.35872218,120.3,8.35,5.3,5436.757,0.17115,277.7200012207031
84,1989-01,284.6300048828125,273.80999755859375,280.64778306749133,1381440000,1989.0,4.1229057,4.61793872,120.7,8.76,5.3,5474.005,0.17935,297.4700012207031
85,1989-02,300.57000732421875,290.8800048828125,295.6263621937145,1975840000,1989.0833333333333,4.2885136,4.86319371,121.2,9.12,5.4,5511.253,0.28497,288.8599853515625
86,1989-03,296.7799987792969,286.4599914550781,293.1763638583097,1737470000,1989.1666666666667,4.1899346,4.73187982,121.6,9.36,5.2,5544.989666666666,0.60452,294.8699951171875
87,1989-04,301.3800048828125,294.3500061035156,297.2739959716797,1542090000,1989.25,4.3288816,4.97372227,122.2,9.85,5.0,5578.726333333333,0.77163,309.6400146484375
88,1989-05,316.1600036621094,304.05999755859375,308.6109064275568,1799920000,1989.3333333333333,4.2662182,4.87105004,123.1,9.84,5.2,5612.463,0.49826,320.5199890136719
89,1989-06,327.3900146484375,319.2099914550781,324.38272372159093,2068900000,1989.4166666666667,4.0993473,4.62966249,123.7,9.81,5.2,5640.097,0.29492,317.9800109863281
90,1989-07,331.8900146484375,317.260009765625,325.9755588107639,1304770000,1989.5,3.9601983,4.41116564,124.1,9.53,5.3,5667.731,0.26125,346.0799865722656
91,1989-08,351.17999267578125,341.9599914550781,345.74636285955256,2040290000,1989.5833333333333,3.7419337,4.00267623,124.5,9.24,5.2,5695.365,0.1983,351.45001220703125
92,1989-09,354.1300048828125,341.3699951171875,348.26800231933595,1582130000,1989.6666666666667,3.5784885,3.73935273,124.5,8.99,5.2,5712.655666666667,0.35086,349.1499938964844
93,1989-10,360.44000244140625,332.80999755859375,354.322998046875,1664690000,1989.75,3.797509,4.27707143,124.8,9.02,5.3,5729.946333333333,0.39805,340.3599853515625
94,1989-11,341.739990234375,330.9100036621094,337.87454501065343,1621050000,1989.8333333333333,3.8261876,4.29718333,125.4,8.84,5.3,5747.237,0.20216,345.989990234375
95,1989-12,354.1000061035156,345.989990234375,350.05090886896306,1884640000,1989.9166666666667,3.6877522,4.03013495,125.9,8.55,5.4,5789.058333333333,0.02765,353.3999938964844
96,1990-01,360.5899963378906,336.57000732421875,350.2500030517578,1640100000,1990.0,3.6632645,4.02966583,126.3,8.45,5.4,5830.879666666667,0.06145,329.0799865722656
97,1990-02,336.0899963378906,326.54998779296875,331.7772743918679,1669890000,1990.0833333333333,3.790805,4.1276234,127.5,8.23,5.4,5872.701,0.07526,331.8900146484375
98,1990-03,340.6600036621094,331.0799865722656,336.7918174050071,1640600000,1990.1666666666667,3.9721427,4.36692739,128.0,8.24,5.3,5901.81,0.03578,339.94000244140625
99,1990-04,344.7900085449219,336.3299865722656,341.5488925509983,1254400000,1990.25,3.9572843,4.55196762,128.6,8.28,5.2,5930.919,0.10907,330.79998779296875
100,1990-05,358.4100036621094,330.79998779296875,342.81273026899856,1789590000,1990.3333333333333,3.9574181,4.55216196,128.9,8.26,5.4,5960.028,0.07289,361.2300109863281
101,1990-06,368.7799987792969,357.67999267578125,363.87363503196025,1806550000,1990.4166666666667,4.1366521,4.80506176,129.1,8.18,5.4,5978.390666666667,-0.14211,358.0199890136719
102,1990-07,369.67999267578125,354.6400146484375,360.4211120605469,1358320000,1990.5,3.9542983,4.38261115,129.9,8.29,5.2,5996.753333333333,-0.15529,356.1499938964844
103,1990-08,357.3500061035156,332.0199890136719,341.20181551846593,2080610000,1990.5833333333333,3.8638041,4.3418185,130.5,8.15,5.5,6015.116,0.00397,322.55999755859375
104,1990-09,326.5299987792969,314.760009765625,321.33666653103296,1082590000,1990.6666666666667,3.8256958,4.17053207,131.6,8.13,5.7,6011.655,0.25479,306.04998779296875
105,1990-10,319.69000244140625,294.510009765625,307.5845475630327,1772100000,1990.75,4.0734267,4.3987447,132.5,8.2,5.9,6008.194,0.41375,304.0
106,1990-11,321.70001220703125,301.6099853515625,313.36454356800425,1720310000,1990.8333333333333,3.9925768,4.20053902,133.4,8.11,5.9,6004.733,0.4106,322.2200012207031
107,1990-12,333.9800109863281,321.9700012207031,327.8870056152344,1769340000,1990.9166666666667,3.9799187,4.05885498,133.7,7.81,6.2,6014.881333333334,0.46562,330.2200012207031
108,1991-01,330.75,309.3500061035156,316.7170013427734,1352040000,1991.0,3.8566272,3.8939207,134.2,7.31,6.3,6025.029666666666,0.51207,343.92999267578125
109,1991-02,370.5400085449219,340.3699951171875,359.3609064275568,2735650000,1991.0833333333333,3.8045971,3.92293115,134.7,6.91,6.4,6035.178,0.15405,367.07000732421875
110,1991-03,379.6600036621094,363.7300109863281,373.4727283824574,2325000000,1991.1666666666667,3.7259127,3.90705382,134.8,6.25,6.6,6065.739333333333,-0.0796,375.2200012207031
111,1991-04,382.32000732421875,370.2699890136719,377.2236328125,1966230000,1991.25,3.8681694,4.17583618,134.8,6.12,6.8,6096.300666666667,-0.20283,375.3399963378906
112,1991-05,383.9100036621094,365.8299865722656,377.5872719504616,1850590000,1991.3333333333333,3.7655984,4.1098331,135.1,5.91,6.7,6126.862,-0.24002,389.8299865722656
113,1991-06,389.80999755859375,374.4599914550781,382.0139984130859,1647900000,1991.4166666666667,3.7827617,4.04991631,135.6,5.78,6.9,6153.220333333334,-0.20537,371.1600036621094
114,1991-07,383.0,370.9200134277344,377.2199981689453,1498150000,1991.5,3.865324,4.18764426,136.0,5.9,6.9,6179.578666666666,-0.30994,387.80999755859375
115,1991-08,392.1199951171875,384.2900085449219,388.5318131880327,1772360000,1991.5833333333333,3.8906803,4.22225375,136.2,5.82,6.8,6205.937,-0.4913,395.42999267578125
116,1991-09,397.6199951171875,382.8500061035156,387.72333441840277,1376600000,1991.6666666666667,3.8552348,4.13991739,136.6,5.66,6.9,6225.471333333333,-0.5655,387.8599853515625
117,1991-10,391.5,376.1099853515625,383.6027304909446,1837320000,1991.75,3.6904141,3.87849555,137.0,5.45,6.9,6245.005666666667,-0.57967,392.45001220703125
118,1991-11,398.2200012207031,382.6199951171875,392.1754538796165,2041440000,1991.8333333333333,3.589857,3.63786206,137.2,5.21,7.0,6264.54,-0.62584,375.2200012207031
119,1991-12,385.0400085449219,371.3599853515625,379.8800018310547,1891640000,1991.9166666666667,3.5532004,3.56505772,137.8,4.81,7.0,6297.394,-0.66243,417.0899963378906
120,1992-01,421.17999267578125,411.0400085449219,417.8319976806641,2536060000,1992.0,3.4956178,3.41033346,138.2,4.43,7.3,6330.248,-0.6805,408.7799987792969
121,1992-02,418.0799865722656,407.45001220703125,413.29600219726564,2221220000,1992.0833333333333,3.3688217,3.19854245,138.3,4.03,7.3,6363.102,-0.66484,412.70001220703125
122,1992-03,413.7799987792969,401.94000244140625,407.1440032958984,1887280000,1992.1666666666667,3.5751286,3.62829159,138.6,4.06,7.4,6398.989,-0.66406,403.69000244140625
123,1992-04,416.2799987792969,392.4100036621094,404.0100014426491,2229660000,1992.25,3.6100297,3.66026498,139.1,3.98,7.4,6434.876,-0.71136,414.95001220703125
124,1992-05,418.75,409.8500061035156,415.4027293812145,1996470000,1992.3333333333333,3.641295,3.78985987,139.4,3.73,7.4,6470.763,-0.83159,415.3500061035156
125,1992-06,417.29998779296875,406.1099853515625,411.99090853604406,2116510000,1992.4166666666667,3.6711864,3.74616997,139.7,3.82,7.6,6502.722333333333,-0.89467,408.1400146484375
126,1992-07,417.80999755859375,407.20001220703125,413.64299926757815,1972200000,1992.5,3.5871738,3.56857666,140.1,3.76,7.8,6534.681666666666,-0.94083,424.2099914550781
127,1992-08,425.1400146484375,416.3999938964844,420.48500061035156,1721300000,1992.5833333333333,3.4468602,3.35309944,140.5,3.25,7.7,6566.641,-0.93405,414.0299987792969
128,1992-09,425.2699890136719,413.3500061035156,418.447998046875,1902630000,1992.6666666666667,3.3154797,3.1248226,140.8,3.3,7.6,6604.695,-0.87366,417.79998779296875
129,1992-10,418.6700134277344,396.79998779296875,408.3527277166193,2153990000,1992.75,3.2081161,2.95734236,141.1,3.22,7.6,6642.749,-0.73783,418.67999267578125
130,1992-11,423.1000061035156,415.5799865722656,420.04099731445314,2114310000,1992.8333333333333,3.0892278,2.72804375,141.7,3.1,7.3,6680.803,-0.66945,431.3500061035156
131,1992-12,436.989990234375,428.6099853515625,433.1245477849787,2481120000,1992.9166666666667,3.3433578,3.32463334,142.1,3.09,7.4,6697.0216666666665,-0.80558,435.7099914550781
132,1993-01,439.489990234375,426.8800048828125,433.21300048828124,2597800000,1993.0,3.4364061,3.50968543,142.3,2.92,7.4,6713.240333333333,-0.95168,438.7799987792969
133,1993-02,450.0400085449219,438.7799987792969,446.2409973144531,2741110000,1993.0833333333333,3.3294652,3.26790846,142.8,3.02,7.3,6729.459,-0.96478,443.3800048828125
134,1993-03,456.760009765625,441.07000732421875,450.2763588645241,2797270000,1993.1666666666667,3.1872819,3.00478524,143.1,3.03,7.1,6755.952333333334,-0.97495,451.6700134277344
135,1993-04,452.6300048828125,439.4800109863281,445.4360015869141,2795210000,1993.25,3.0120671,2.67342493,143.3,3.07,7.0,6782.4456666666665,-1.00743,440.19000244140625
136,1993-05,446.0899963378906,438.1000061035156,442.73499450683596,2503120000,1993.3333333333333,3.0608057,2.77451693,143.8,2.96,7.1,6808.939,-1.00569,450.19000244140625
137,1993-06,455.6300048828125,444.0899963378906,448.6390880237926,2697750000,1993.4166666666667,3.0064162,2.66472062,144.2,3.0,7.1,6833.325333333333,-1.00785,450.5299987792969
138,1993-07,451.1499938964844,441.3999938964844,447.2239959716797,2533160000,1993.5,2.9998339,2.76123734,144.3,3.04,7.0,6857.711666666667,-1.08776,448.1300048828125
139,1993-08,451.6300048828125,446.94000244140625,449.45,2446100000,1993.5833333333333,2.946292,2.59179878,144.5,3.06,6.9,6882.098,-1.1238,463.55999755859375
140,1993-09,463.79998779296875,453.75,460.3739959716797,2540720000,1993.6666666666667,2.9933546,2.70290307,144.8,3.03,6.8,6925.978,-1.10114,458.92999267578125
141,1993-10,471.1000061035156,456.3999938964844,462.1699967817827,3013310000,1993.75,2.8470506,2.45058069,145.0,3.09,6.7,6969.858,-1.04077,467.8299865722656
142,1993-11,469.1099853515625,454.3599853515625,463.06000033291906,3218480000,1993.8333333333333,2.8473516,2.39884319,145.6,2.99,6.8,7013.738,-0.97016,461.7900085449219
143,1993-12,466.8900146484375,461.45001220703125,464.37091064453125,3107710000,1993.9166666666667,2.9136774,2.56229533,146.0,3.02,6.6,7047.709333333333,-0.98514,466.45001220703125
144,1994-01,475.32000732421875,464.3599853515625,470.7850006103516,3206210000,1994.0,2.9813298,2.72011647,146.3,2.96,6.5,7081.680666666667,-1.04728,481.6099853515625
145,1994-02,482.2300109863281,466.8900146484375,473.59817782315343,3458290000,1994.0833333333333,3.0223498,2.77268493,146.3,3.05,6.6,7115.652,-0.99934,467.1400146484375
146,1994-03,468.989990234375,457.489990234375,465.5990933504972,3399890000,1994.1666666666667,2.9679993,2.62016875,146.7,3.25,6.6,7159.411666666667,-0.85604,445.7699890136719
147,1994-04,451.1000061035156,435.8599853515625,446.9500030517578,2929630000,1994.25,3.2001088,2.97120305,147.1,3.34,6.5,7203.171333333333,-0.73279,450.9100036621094
148,1994-05,453.9800109863281,440.7799987792969,447.46800231933594,2750710000,1994.3333333333333,3.4756939,3.65918278,147.2,3.56,6.4,7246.931,-0.73762,456.5
149,1994-06,463.2300109863281,453.989990234375,458.9245439009233,2850070000,1994.4166666666667,3.4511028,3.62457709,147.5,4.01,6.1,7274.978999999999,-0.7498,444.2699890136719
150,1994-07,454.3299865722656,443.5799865722656,448.8940032958984,2466180000,1994.5,3.4930951,3.59356552,147.9,4.25,6.1,7303.027,-0.74025,458.260009765625
151,1994-08,463.3399963378906,456.0799865722656,459.6972767223011,2860680000,1994.5833333333333,3.6032277,3.7864194,148.4,4.26,6.1,7331.075,-0.81324,475.489990234375
152,1994-09,475.489990234375,466.1499938964844,470.5659973144531,2694800000,1994.6666666666667,3.4472497,3.58028405,149.0,4.47,6.0,7372.479333333333,-0.79158,462.7099914550781
153,1994-10,471.29998779296875,449.2699890136719,460.45,2939140000,1994.75,3.4803927,3.6371045,149.3,4.73,5.9,7413.883666666667,-0.62828,472.3500061035156
154,1994-11,472.260009765625,461.25,465.18454811789775,3194240000,1994.8333333333333,3.669374,3.95662307,149.4,4.76,5.8,7455.288,-0.56321,453.69000244140625
155,1994-12,456.8399963378906,442.8800048828125,451.1109092018821,3390940000,1994.9166666666667,3.7800547,4.10325275,149.8,5.29,5.6,7477.621666666666,-0.44004,459.2699890136719
156,1995-01,466.42999267578125,457.20001220703125,461.40221828884546,2826410000,1995.0,3.8150244,4.11695307,150.1,5.45,5.5,7499.955333333333,-0.43575,470.4200134277344
157,1995-02,485.5400085449219,469.2900085449219,479.5790904651989,3673370000,1995.0833333333333,3.86664,4.24429022,150.5,5.53,5.6,7522.289,-0.59821,487.3900146484375
158,1995-03,493.69000244140625,479.70001220703125,486.78545865145594,3660910000,1995.1666666666667,3.7690674,4.05499673,150.9,5.92,5.4,7541.858333333334,-0.66206,500.7099914550781
159,1995-04,509.8299865722656,500.20001220703125,506.0111151801215,2778500000,1995.25,3.5760654,3.72098557,151.2,5.98,5.4,7561.4276666666665,-0.66522,514.7100219726562
160,1995-05,527.739990234375,513.030029296875,521.7999933416194,3821370000,1995.3333333333333,3.5231408,3.6549273,151.8,6.05,5.8,7580.997,-0.7362,533.4000244140625
161,1995-06,539.0700073242188,526.0,533.7354458895596,3630220000,1995.4166666666667,3.3296496,3.4204808,152.1,6.01,5.6,7615.039666666667,-0.74761,544.75
162,1995-07,562.0,544.4299926757812,555.3844536675347,3266050000,1995.5,3.015143,2.90471287,152.4,6.0,5.6,7649.082333333334,-0.70619,562.0599975585938
163,1995-08,565.6199951171875,553.0399780273438,558.8300059925426,3430420000,1995.5833333333333,3.0816679,2.93803016,152.6,5.85,5.7,7683.125,-0.7331,561.8800048828125
164,1995-09,585.0700073242188,561.010009765625,574.2299926757812,3466610000,1995.6666666666667,3.1708179,3.14848844,152.9,5.74,5.7,7712.945333333333,-0.74394,584.4099731445312
165,1995-10,587.3900146484375,571.5499877929688,581.3599975585937,3458980000,1995.75,3.1177132,3.01759856,153.1,5.8,5.6,7742.765666666667,-0.72723,581.5
166,1995-11,593.969970703125,581.0399780273438,590.2299971147017,3863030000,1995.8333333333333,3.0711001,3.0097294,153.5,5.76,5.5,7772.586,-0.77289,605.3699951171875
167,1995-12,622.8800048828125,605.3699951171875,616.8563620827415,4570410000,1995.9166666666667,3.0207028,2.88422441,153.7,5.8,5.6,7804.546666666667,-0.78578,615.9299926757812
168,1996-01,624.489990234375,597.2899780273438,610.7170043945313,3925790000,1996.0,2.8370533,2.72215346,153.9,5.6,5.6,7836.507333333333,-0.79066,636.02001953125
169,1996-02,664.22998046875,633.7100219726562,650.2991000088779,4817030000,1996.0833333333333,2.8814735,2.64759197,154.7,5.56,5.6,7868.468,-0.86732,640.4299926757812
170,1996-03,656.969970703125,627.6300048828125,644.3709106445312,5075120000,1996.1666666666667,2.8671836,2.59785872,155.0,5.22,5.5,7923.258666666667,-0.79258,645.5
171,1996-04,656.6799926757812,624.1400146484375,645.1039978027344,4161880000,1996.25,2.9629321,2.8972936,155.5,5.31,5.5,7978.049333333333,-0.71198,654.1699829101562
172,1996-05,669.8200073242188,630.0700073242188,650.3172773881392,4698730000,1996.3333333333333,3.1097521,3.10833442,156.1,5.22,5.6,8032.84,-0.73062,669.1199951171875
173,1996-06,680.3200073242188,662.47998046875,671.0959899902343,3925830000,1996.4166666666667,3.2719934,3.30502587,156.4,5.24,5.6,8065.696,-0.73548,670.6300048828125
174,1996-07,675.8800048828125,629.6900024414062,656.4339965820312,3776790000,1996.5,3.3646355,3.49408029,156.7,5.27,5.3,8098.552000000001,-0.71639,639.9500122070312
175,1996-08,665.77001953125,639.489990234375,661.2972745028409,3933960000,1996.5833333333333,3.2589758,3.36926055,157.0,5.4,5.5,8131.408,-0.762,651.989990234375
176,1996-09,681.3900146484375,643.969970703125,662.4433322482639,3355720000,1996.6666666666667,3.2637507,3.32941538,157.2,5.22,5.1,8174.195666666667,-0.7572,687.3300170898438
177,1996-10,708.0700073242188,684.4400024414062,698.1300048828125,4508370000,1996.75,3.3520617,3.52082209,157.7,5.3,5.2,8216.983333333334,-0.75757,705.27001953125
178,1996-11,741.9199829101562,701.2999877929688,724.8872791637074,5030400000,1996.8333333333333,3.2741396,3.31834947,158.2,5.24,5.2,8259.771,-0.82218,757.02001953125
179,1996-12,761.75,721.969970703125,742.9889953613281,4684850000,1996.9166666666667,3.1953407,3.14164675,158.7,5.31,5.4,8294.065666666667,-0.75952,740.739990234375
180,1997-01,772.0399780273438,729.5499877929688,754.425,5146490000,1997.0,3.040501,2.95093511,159.1,5.29,5.4,8328.360333333334,-0.69704,786.1599731445312
181,1997-02,812.9299926757812,773.4299926757812,792.2070068359375,5215040000,1997.0833333333333,3.2421093,3.2548678,159.4,5.25,5.3,8362.655,-0.74549,790.8200073242188
182,1997-03,814.9000244140625,785.6599731445312,800.3760009765625,5007520000,1997.1666666666667,3.2370082,3.21337489,159.7,5.19,5.2,8414.711666666668,-0.73641,757.1199951171875
183,1997-04,769.530029296875,733.5399780273438,754.6600008877841,5172990000,1997.25,3.2576053,3.3085558,159.8,5.39,5.2,8466.768333333333,-0.66535,801.3400268554688
184,1997-05,842.4500122070312,793.2100219726562,825.3563620827415,5515890000,1997.3333333333333,3.3733109,3.55047337,159.9,5.51,5.1,8518.825,-0.63413,848.280029296875
185,1997-06,894.6900024414062,838.8200073242188,860.7869995117187,5046380000,1997.4166666666667,3.3054865,3.43698117,159.9,5.5,4.9,8566.824333333334,-0.63403,885.1400146484375
186,1997-07,926.1500244140625,884.5399780273438,912.5070068359375,5215460000,1997.5,3.2962754,3.27910832,160.2,5.56,5.0,8614.823666666667,-0.65462,954.3099975585938
187,1997-08,964.1699829101562,900.8099975585938,936.9081864790483,5835250000,1997.5833333333333,3.1968296,3.19987642,160.4,5.52,4.9,8662.823,-0.66259,899.469970703125
188,1997-09,940.3699951171875,899.469970703125,925.5480041503906,5210090000,1997.6666666666667,3.1381246,3.0885119,160.8,5.54,4.8,8697.184333333333,-0.63237,947.280029296875
189,1997-10,983.1199951171875,947.280029296875,968.3863636363636,5740450000,1997.75,3.1400638,3.15086952,161.2,5.54,4.9,8731.545666666667,-0.58252,914.6199951171875
190,1997-11,949.6199951171875,900.6099853515625,928.3930053710938,5539740000,1997.8333333333333,3.1142757,3.01659074,161.5,5.5,4.7,8765.907,-0.47643,955.4000244140625
191,1997-12,986.25,947.0,970.88818359375,6428030000,1997.9166666666667,3.0902691,2.97295683,161.7,5.52,4.6,8799.431333333332,-0.48996,970.4299926757812
192,1998-01,982.6300048828125,912.8300170898438,956.6429992675781,6203630000,1998.0,2.9939903,2.91985104,161.8,5.5,4.7,8832.955666666667,-0.55512,980.280029296875
193,1998-02,1026.300048828125,980.280029296875,1012.4160095214844,6295820000,1998.0833333333333,2.9523563,2.84030163,162.0,5.56,4.6,8866.48,-0.64951,1049.3399658203125
194,1998-03,1075.8599853515625,1030.8699951171875,1056.1349975585938,6266500000,1998.1666666666667,2.9135125,2.77706891,162.0,5.51,4.6,8900.886333333334,-0.65423,1101.75
195,1998-04,1131.989990234375,1095.2900390625,1113.8869995117188,6330600000,1998.25,2.9446482,2.85251196,162.0,5.49,4.7,8935.292666666666,-0.62624,1111.75
196,1998-05,1130.52001953125,1094.530029296875,1112.196366743608,6439610000,1998.3333333333333,2.9271605,2.84606553,162.2,5.45,4.3,8969.699,-0.59248,1090.8199462890625
197,1998-06,1126.0,1077.010009765625,1099.314530806108,6421980000,1998.4166666666667,2.9741111,2.89304228,162.6,5.49,4.4,9020.165,-0.57158,1133.8399658203125
198,1998-07,1181.47998046875,1133.8399658203125,1161.3820068359375,6197440000,1998.5,2.9159772,2.87099745,162.8,5.56,4.5,9070.631,-0.56031,1120.6700439453125
199,1998-08,1121.7900390625,1054.0,1081.9069946289062,7222110000,1998.5833333333333,2.9275565,2.77070571,163.2,5.54,4.5,9121.097,-0.43065,957.280029296875
200,1998-09,1038.3800048828125,939.97998046875,1002.7200073242187,8429500000,1998.6666666666667,2.9154367,2.77934018,163.4,5.55,4.5,9178.728333333333,-0.17771,1017.010009765625
201,1998-10,1053.0899658203125,923.3200073242188,992.925459428267,9588700000,1998.75,2.7392548,2.49623921,163.5,5.51,4.6,9236.359666666667,0.02135,1098.6700439453125
202,1998-11,1141.300048828125,1098.6700439453125,1123.8809814453125,7017060000,1998.8333333333333,2.407417,1.93514547,163.9,5.07,4.5,9293.991,-0.07369,1163.6300048828125
203,1998-12,1193.530029296875,1136.8900146484375,1169.2263516512785,8075700000,1998.9166666666667,2.5441109,2.22103048,164.1,4.83,4.4,9333.221333333333,-0.15354,1229.22998046875
204,1999-01,1278.239990234375,1205.4599609375,1248.3279907226563,8584700000,1999.0,2.5016398,2.22957981,164.4,4.68,4.4,9372.451666666668,-0.24971,1279.6400146484375
205,1999-02,1283.75,1211.8900146484375,1246.2580078125,7917900000,1999.0833333333333,2.5871265,2.30815245,164.7,4.63,4.3,9411.682,-0.32289,1238.3299560546875
206,1999-03,1307.469970703125,1216.030029296875,1269.128173828125,8628600000,1999.1666666666667,2.6252973,2.36759019,164.7,4.76,4.4,9449.858,-0.39606,1286.3699951171875
207,1999-04,1362.3800048828125,1282.56005859375,1331.1689819335938,8232800000,1999.25,2.789154,2.71035881,164.8,4.81,4.2,9488.034,-0.41989,1335.1800537109375
208,1999-05,1375.97998046875,1317.43994140625,1347.626025390625,8307900000,1999.3333333333333,2.7963377,2.67778993,165.9,4.74,4.3,9526.21,-0.43078,1301.8399658203125
209,1999-06,1336.4200439453125,1277.469970703125,1307.1336447975852,7618800000,1999.4166666666667,2.8490328,2.70423805,166.0,4.74,4.2,9579.681999999999,-0.36501,1372.7099609375
210,1999-07,1409.8399658203125,1360.800048828125,1395.431005859375,7498870000,1999.5,2.9371065,3.11656311,166.0,4.76,4.3,9633.154,-0.28542,1328.719970703125
211,1999-08,1344.68994140625,1267.72998046875,1307.6560302734374,7486750000,1999.5833333333333,3.0105503,3.0055618,166.7,4.99,4.3,9686.626,-0.15948,1320.4100341796875
212,1999-09,1361.3900146484375,1304.8800048828125,1339.972998046875,7327100000,1999.6666666666667,3.0557115,3.10154331,167.1,5.07,4.2,9757.807,-0.12152,1282.7099609375
213,1999-10,1339.22998046875,1245.3900146484375,1302.9500177556818,9346100000,1999.75,3.0939121,3.16946543,167.8,5.22,4.2,9828.988,-0.0608,1362.9300537109375
214,1999-11,1398.5799560546875,1346.4100341796875,1370.6654607599432,9901900000,1999.8333333333333,3.134861,3.14292186,168.1,5.2,4.1,9900.169,-0.13719,1388.9100341796875
215,1999-12,1447.4200439453125,1387.3800048828125,1412.1190962357955,10899300000,1999.9166666666667,3.1492332,3.14725353,168.4,5.42,4.1,9934.172333333334,-0.152,1469.25
216,2000-01,1478.0,1377.6800537109375,1434.4910034179688,10513500000,2000.0,3.2173645,3.1922035,168.8,5.3,4.0,9968.175666666666,-0.18395,1394.4599609375
217,2000-02,1444.550048828125,1376.25,1412.8499866832387,11331400000,2000.0833333333333,3.2743698,3.41105112,169.3,5.45,4.0,10002.179,-0.20009,1366.4200439453125
218,2000-03,1413.4599609375,1346.6199951171875,1383.2172629616477,12843800000,2000.1666666666667,3.3488244,3.51334339,170.0,5.73,4.1,10084.026,-0.15115,1498.5799560546875
219,2000-04,1527.18994140625,1339.4000244140625,1477.5049926757813,10859760000,2000.25,3.3286618,3.44034736,171.0,5.85,4.0,10165.873,-0.04449,1452.4300537109375
220,2000-05,1481.510009765625,1375.1400146484375,1424.7572798295455,10057700000,2000.3333333333333,3.1782392,3.20296665,170.9,6.02,3.8,10247.72,0.02538,1420.5999755859375
221,2000-06,1483.6199951171875,1420.5999755859375,1464.202725497159,10057200000,2000.4166666666667,3.2724233,3.3605311,171.2,6.27,4.0,10271.201666666666,0.06335,1454.5999755859375
222,2000-07,1509.989990234375,1439.56005859375,1478.5088975694443,8158000000,2000.5,3.3262841,3.1278929,172.2,6.53,4.0,10294.683333333334,-0.03472,1430.8299560546875
223,2000-08,1493.1199951171875,1425.4300537109375,1466.850918856534,10341800000,2000.5833333333333,3.0885155,3.06235485,172.7,6.54,4.0,10318.165,-0.15717,1517.6800537109375
224,2000-09,1530.0899658203125,1460.219970703125,1491.9950073242187,9789000000,2000.6666666666667,3.0654361,3.04561328,172.7,6.5,4.1,10357.358,-0.19482,1436.510009765625
225,2000-10,1454.8199462890625,1327.0799560546875,1399.9869995117188,11403500000,2000.75,2.9890166,2.88599618,173.6,6.52,3.9,10396.551000000001,-0.16591,1429.4000244140625
226,2000-11,1438.4599609375,1328.6199951171875,1403.6099853515625,11481700000,2000.8333333333333,2.9611545,2.87662559,173.9,6.51,3.9,10435.744,-0.14456,1314.949951171875
227,2000-12,1389.050048828125,1305.3800048828125,1349.6445534446023,13187400000,2000.9166666666667,2.9558753,2.83313793,174.2,6.51,3.9,10447.239666666666,-0.04036,1320.280029296875
228,2001-01,1350.239990234375,1274.6199951171875,1313.0911187065972,12862400000,2001.0,2.8761227,2.63921042,174.6,6.4,3.9,10458.735333333334,-0.15012,1366.010009765625
229,2001-02,1376.3800048828125,1304.719970703125,1337.211836381392,11999100000,2001.0833333333333,2.5332933,2.25143294,175.6,5.98,4.2,10470.231,-0.26859,1239.93994140625
230,2001-03,1267.4200439453125,1155.3499755859375,1222.6145685369318,13188900000,2001.1666666666667,2.6418159,2.26701398,176.0,5.49,4.2,10513.154,-0.26076,1160.3299560546875
231,2001-04,1183.510009765625,1091.989990234375,1143.4233262803818,11506090000,2001.25,2.4986875,2.26729473,176.1,5.31,4.3,10556.077,-0.27249,1249.4599609375
232,2001-05,1272.9300537109375,1232.0,1257.13818359375,11724100000,2001.3333333333333,2.586794,2.22098391,176.4,4.8,4.4,10599.0,-0.38489,1255.8199462890625
233,2001-06,1286.6199951171875,1203.030029296875,1255.3972611860795,11794650000,2001.4166666666667,2.7619294,2.43341797,177.3,4.21,4.3,10598.673333333334,-0.44458,1224.3800048828125
234,2001-07,1239.780029296875,1168.4599609375,1207.2555609809028,9951310000,2001.5,2.8453051,2.52645602,177.7,3.97,4.5,10598.346666666666,-0.47719,1211.22998046875
235,2001-08,1226.27001953125,1169.550048828125,1197.1881991299715,11379700000,2001.5833333333333,2.8069829,2.52836744,177.4,3.77,4.6,10598.02,-0.51539,1133.5799560546875
236,2001-09,1155.4000244140625,1073.1500244140625,1109.8800048828125,6623400000,2001.6666666666667,2.6864373,2.33436142,177.4,3.65,4.9,10618.835000000001,-0.35428,1040.93994140625
237,2001-10,1099.1600341796875,1026.760009765625,1071.1281849254262,14606680000,2001.75,2.7490267,2.17776797,178.1,3.07,5.0,10639.65,-0.35274,1059.780029296875
238,2001-11,1148.280029296875,1054.31005859375,1117.1381724964488,14345200000,2001.8333333333333,2.5279263,1.98693245,177.6,2.49,5.3,10660.465,-0.41128,1139.449951171875
239,2001-12,1173.6199951171875,1114.530029296875,1142.6690063476562,13876700000,2001.9166666666667,2.3965374,1.81476553,177.5,2.09,5.5,10701.476666666667,-0.33676,1148.0799560546875
240,2002-01,1176.969970703125,1136.22998046875,1155.9940063476563,13286200000,2002.0,2.6393462,2.0405763,177.4,1.82,5.7,10742.488333333333,-0.41609,1130.199951171875
241,2002-02,1130.199951171875,1077.780029296875,1102.288174715909,15163600000,2002.0833333333333,2.7899369,2.52349996,177.7,1.73,5.7,10783.5,-0.49331,1106.72998046875
242,2002-03,1173.030029296875,1106.72998046875,1156.6827392578125,15642100000,2002.1666666666667,2.7123769,2.40007343,178.0,1.74,5.7,10818.153333333334,-0.49767,1147.3900146484375
243,2002-04,1147.8399658203125,1099.4100341796875,1122.5981889204545,13528000000,2002.25,2.7046551,2.42129018,178.5,1.73,5.7,10852.806666666665,-0.53651,1076.9200439453125
244,2002-05,1104.22998046875,1048.9599609375,1075.1245561079545,14327400000,2002.3333333333333,2.9520356,2.70112632,179.3,1.75,5.9,10887.46,-0.62882,1067.1400146484375
245,2002-06,1070.739990234375,981.6300048828125,1026.938006591797,14222620000,2002.4166666666667,2.7927848,2.35054993,179.5,1.75,5.8,10919.653333333334,-0.59128,989.8200073242188
246,2002-07,994.4600219726562,876.4600219726562,947.6730041503906,16088580000,2002.5,2.7303686,2.31986391,179.6,1.75,5.8,10951.846666666666,-0.48814,911.6199951171875
247,2002-08,933.2899780273438,833.4400024414062,888.3472733931108,15955000000,2002.5833333333333,2.6473991,2.14192855,180.0,1.73,5.8,10984.04,-0.42161,916.0700073242188
248,2002-09,924.02001953125,870.5,893.6888970269097,10873900000,2002.6666666666667,2.3926105,1.74226259,180.5,1.74,5.7,11009.837666666668,-0.38004,815.280029296875
249,2002-10,881.27001953125,768.6300048828125,819.808183149858,19460850000,2002.75,2.2175256,1.44610825,180.8,1.75,5.7,11035.635333333334,-0.36371,885.760009765625
250,2002-11,925.6599731445312,872.0499877929688,900.1472833806819,15910400000,2002.8333333333333,2.1200192,1.26869564,181.2,1.75,5.7,11061.433,-0.45032,936.3099975585938
251,2002-12,954.280029296875,888.47998046875,908.4110046386719,13659200000,2002.9166666666667,2.1935127,1.39558681,181.5,1.34,5.9,11098.998333333335,-0.45942,879.8200073242188
252,2003-01,935.0499877929688,879.8200073242188,921.077001953125,14062200000,2003.0,2.3274091,1.69225366,181.8,1.24,6.0,11136.563666666667,-0.50449,855.7000122070312
253,2003-02,864.6400146484375,806.2899780273438,835.606005859375,13568200000,2003.0833333333333,2.2439394,1.48820174,182.6,1.24,5.8,11174.129,-0.53933,841.1500244140625
254,2003-03,852.3400268554688,788.9000244140625,821.52099609375,14126800000,2003.1666666666667,2.2455641,1.466379,183.6,1.26,5.9,11220.341333333334,-0.56214,848.1799926757812
255,2003-04,904.8900146484375,847.8499755859375,875.8918124112216,14663300000,2003.25,2.0783864,1.22359095,183.9,1.25,5.9,11266.553666666667,-0.64752,916.9199829101562
256,2003-05,948.22998046875,902.8300170898438,933.0890891335227,15992700000,2003.3333333333333,2.1166901,1.30961847,183.2,1.26,6.0,11312.766,-0.73094,963.5900268554688
257,2003-06,1007.6900024414062,963.5900268554688,984.8070007324219,15188800000,2003.4166666666667,2.1170777,1.37072098,182.9,1.26,6.1,11397.400333333333,-0.72499,974.5
258,2003-07,1015.4099731445312,962.0999755859375,996.7360046386718,14014100000,2003.5,1.9788142,0.90511574,183.1,1.22,6.3,11482.034666666666,-0.73462,990.3099975585938
259,2003-08,992.5,960.8400268554688,980.3063742897727,13214370000,2003.5833333333333,1.973451,1.12868896,183.7,1.01,6.2,11566.669,-0.68127,1008.010009765625
260,2003-09,1032.4100341796875,1005.72998046875,1021.32099609375,14085300000,2003.6666666666667,2.2894709,1.75170446,184.5,1.03,6.1,11635.190666666667,-0.66928,995.969970703125
261,2003-10,1053.7900390625,995.969970703125,1035.824540571733,14494200000,2003.75,2.3966164,1.89723825,185.1,1.01,6.1,11703.712333333333,-0.70075,1050.7099609375
262,2003-11,1063.6500244140625,1043.4599609375,1053.631005859375,13586500000,2003.8333333333333,2.1063259,1.38081936,184.9,1.01,6.0,11772.234,-0.72363,1058.199951171875
263,2003-12,1082.7900390625,1053.4100341796875,1066.7827370383523,15242300000,2003.9166666666667,2.2911369,1.71390165,185.0,1.0,5.8,11822.638333333334,-0.71574,1111.9200439453125
264,2004-01,1137.1099853515625,1105.0799560546875,1124.55,15835600000,2004.0,2.3653793,1.71357266,185.5,0.98,5.7,11873.042666666666,-0.75228,1131.1300048828125
265,2004-02,1158.8900146484375,1124.43994140625,1141.0190185546876,14955300000,2004.0833333333333,2.3167501,1.70195436,186.3,1.0,5.7,11923.447,-0.81312,1144.93994140625
266,2004-03,1163.22998046875,1103.3599853515625,1137.39453125,16252800000,2004.1666666666667,2.2754574,1.57158074,186.7,1.01,5.6,11986.569666666666,-0.82466,1126.2099609375
267,2004-04,1150.5699462890625,1120.75,1138.42099609375,14301900000,2004.25,2.1716856,1.47016466,187.1,1.0,5.8,12049.692333333334,-0.79485,1107.300048828125
268,2004-05,1127.739990234375,1076.3199462890625,1104.3249877929688,15762400000,2004.3333333333333,2.1480768,1.35814941,187.4,1.0,5.6,12112.815,-0.71009,1120.6800537109375
269,2004-06,1142.1800537109375,1113.3199462890625,1129.3030029296874,12202200000,2004.4166666666667,2.4546894,1.88324516,188.2,1.0,5.6,12176.979000000001,-0.68744,1140.8399658203125
270,2004-07,1140.8399658203125,1106.6700439453125,1115.8429809570312,12965000000,2004.5,2.5673682,1.94657611,188.9,1.03,5.6,12241.143,-0.68672,1101.719970703125
271,2004-08,1108.5999755859375,1060.719970703125,1079.768994140625,13224100000,2004.5833333333333,2.501857,1.93379862,189.1,1.26,5.5,12305.307,-0.69804,1104.239990234375
272,2004-09,1129.780029296875,1099.1800537109375,1119.2240112304687,12038170000,2004.6666666666667,2.4716518,1.85580269,189.2,1.43,5.4,12379.276,-0.70877,1114.5799560546875
273,2004-10,1142.050048828125,1102.06005859375,1124.3054643110795,15635100000,2004.75,2.3558656,1.48469164,189.8,1.61,5.4,12453.245,-0.70684,1130.199951171875
274,2004-11,1184.47998046875,1127.5999755859375,1160.4954723011363,17021200000,2004.8333333333333,2.3505515,1.6871063,190.8,1.76,5.5,12527.214,-0.71974,1173.8199462890625
275,2004-12,1206.6099853515625,1173.780029296875,1191.63818359375,17272600000,2004.9166666666667,2.3070912,1.60768876,191.7,1.93,5.4,12607.238,-0.71816,1211.9200439453125
276,2005-01,1217.800048828125,1175.6400146484375,1187.085986328125,15404700000,2005.0,2.3469422,1.90953662,191.7,2.16,5.4,12687.262,-0.69951,1181.27001953125
277,2005-02,1212.43994140625,1180.949951171875,1199.100008877841,16592050000,2005.0833333333333,2.3687512,1.7792759,191.6,2.28,5.3,12767.286,-0.72345,1203.5999755859375
278,2005-03,1229.1099853515625,1197.75,1210.7945445667613,17251350000,2005.1666666666667,2.3706533,1.81315912,192.4,2.5,5.4,12819.076000000001,-0.70389,1180.5899658203125
279,2005-04,1191.8800048828125,1141.9200439453125,1175.8427290482955,22078490000,2005.25,2.474904,1.97934111,193.1,2.63,5.2,12870.866,-0.63521,1156.8499755859375
280,2005-05,1178.8699951171875,1146.1800537109375,1167.25400390625,19923370000,2005.3333333333333,2.5215946,2.02052684,193.7,2.79,5.2,12922.656,-0.61085,1191.5
281,2005-06,1208.8499755859375,1191.030029296875,1200.2109153053977,19053630000,2005.4166666666667,2.4035554,1.78986568,193.6,3.0,5.1,12995.984666666667,-0.61536,1191.3299560546875
282,2005-07,1233.1600341796875,1183.550048828125,1212.3459838867188,18492280000,2005.5,2.2949612,1.66688811,193.7,3.04,5.0,13069.313333333334,-0.62498,1234.1800537109375
283,2005-08,1245.8599853515625,1222.6700439453125,1233.8636474609375,20759190000,2005.5833333333333,2.359812,1.82002108,194.9,3.26,5.0,13142.642,-0.62403,1220.3299560546875
284,2005-09,1243.1300048828125,1216.1800537109375,1230.9160034179688,19904250000,2005.6666666666667,2.4709578,2.00821677,196.1,3.5,4.9,13203.162666666667,-0.5928,1228.81005859375
285,2005-10,1233.3399658203125,1168.199951171875,1193.8239868164062,23430200000,2005.75,2.3536565,1.73569017,198.8,3.62,5.0,13263.683333333332,-0.57409,1207.010009765625
286,2005-11,1237.93994140625,1201.0699462890625,1222.5545432350852,24450920000,2005.8333333333333,2.5492617,1.96704484,199.1,3.78,5.0,13324.204,-0.59859,1249.47998046875
287,2005-12,1275.800048828125,1249.47998046875,1263.6054465553977,23938090000,2005.9166666666667,2.5758744,2.07568901,198.1,4.0,5.0,13415.856,-0.57352,1248.2900390625
288,2006-01,1294.9000244140625,1245.739990234375,1283.2088894314236,21555360000,2006.0,2.5702512,2.01834727,198.1,4.16,4.9,13507.508,-0.59502,1280.0799560546875
289,2006-02,1283.3299560546875,1253.6099853515625,1268.3581875887785,25730090000,2006.0833333333333,2.4488727,2.06484172,199.3,4.29,4.7,13599.16,-0.64606,1280.6600341796875
290,2006-03,1304.4000244140625,1268.4200439453125,1285.3181818181818,24739130000,2006.1666666666667,2.5135642,2.20441278,199.4,4.49,4.8,13650.581333333334,-0.64909,1294.8699951171875
291,2006-04,1314.0699462890625,1282.9599609375,1297.8077935112847,19387150000,2006.25,2.4741254,2.38362088,199.7,4.59,4.7,13702.002666666667,-0.63466,1310.6099853515625
292,2006-05,1326.699951171875,1284.510009765625,1311.712724165483,26144240000,2006.3333333333333,2.6257421,2.35839303,200.7,4.79,4.7,13753.424,-0.62888,1270.0899658203125
293,2006-06,1290.6800537109375,1219.2900390625,1256.0709117542613,28975030000,2006.4166666666667,2.6635907,2.40637015,201.3,4.94,4.6,13792.345333333335,-0.57421,1270.199951171875
294,2006-07,1280.3800048828125,1228.449951171875,1263.0566541883682,18705620000,2006.5,2.6658287,2.45080986,201.8,4.99,4.6,13831.266666666666,-0.54425,1276.6600341796875
295,2006-08,1292.9200439453125,1261.300048828125,1273.9545454545455,26315380000,2006.5833333333333,2.721923,2.49634953,202.9,5.24,4.7,13870.188,-0.60244,1303.8199462890625
296,2006-09,1324.6500244140625,1290.9300537109375,1308.4010131835937,24148090000,2006.6666666666667,2.6194038,2.2982861,203.8,5.25,4.7,13926.645333333334,-0.62048,1335.8499755859375
297,2006-10,1366.6300048828125,1327.0999755859375,1350.0919799804688,25026870000,2006.75,2.5174803,2.20605719,202.8,5.25,4.5,13983.102666666666,-0.63159,1377.93994140625
298,2006-11,1401.3499755859375,1360.97998046875,1380.11181640625,29419030000,2006.8333333333333,2.485753,2.21206207,201.9,5.25,4.4,14039.56,-0.6574,1400.6300048828125
299,2006-12,1431.6300048828125,1385.9300537109375,1412.819091796875,29771500000,2006.9166666666667,2.3789791,2.1998854,202.0,5.25,4.5,14098.257,-0.63944,1418.300048828125
300,2007-01,1431.22998046875,1403.969970703125,1417.3749694824219,23463750000,2007.0,2.3467956,2.12213778,203.1,5.24,4.4,14156.954,-0.67932,1438.239990234375
301,2007-02,1457.969970703125,1431.43994140625,1446.8591086647727,29157330000,2007.0833333333333,2.5293118,2.14807579,203.437,5.25,4.6,14215.651,-0.71154,1406.8199462890625
302,2007-03,1410.1500244140625,1363.97998046875,1392.7790971235795,35534920000,2007.1666666666667,2.5756304,2.28715091,204.226,5.26,4.5,14277.794666666667,-0.65087,1420.8599853515625
303,2007-04,1453.1099853515625,1416.3699951171875,1441.9966769748264,24041490000,2007.25,2.4594415,2.0249864,205.288,5.26,4.4,14339.938333333334,-0.62354,1482.3699951171875
304,2007-05,1514.8299560546875,1476.699951171875,1501.9699928977273,32235580000,2007.3333333333333,2.4786022,2.07748685,205.904,5.25,4.5,14402.082,-0.57965,1530.6199951171875
305,2007-06,1540.56005859375,1487.4100341796875,1517.8100031072443,32980590000,2007.4166666666667,2.524481,2.0318442,206.755,5.25,4.4,14456.093666666668,-0.54128,1503.3499755859375
306,2007-07,1555.0999755859375,1504.6600341796875,1529.0077718098958,24607500000,2007.5,2.6718196,2.24630973,207.234,5.25,4.6,14510.105333333333,-0.47135,1455.27001953125
307,2007-08,1503.8900146484375,1404.3599853515625,1455.0754616477273,52411110000,2007.5833333333333,2.6399293,2.37357342,207.603,5.26,4.7,14564.117,-0.0033,1473.989990234375
308,2007-09,1496.4000244140625,1439.2900390625,1472.9733479817708,25664460000,2007.6666666666667,2.4898174,2.13388077,207.667,5.02,4.6,14614.430666666667,0.33545,1526.75
309,2007-10,1576.0899658203125,1527.25,1552.6190851384943,32915370000,2007.75,2.4115217,1.94622258,208.547,4.94,4.7,14664.744333333334,0.03253,1549.3800048828125
310,2007-11,1545.7900390625,1438.530029296875,1480.5981889204545,46912190000,2007.8333333333333,2.4520543,1.98911422,209.19,4.76,4.7,14715.058,0.23272,1481.1400146484375
311,2007-12,1523.5699462890625,1460.6600341796875,1486.8780029296875,35587090000,2007.9166666666667,2.3840553,1.82624712,210.834,4.49,4.7,14712.218,0.72977,1468.3599853515625
312,2008-01,1471.77001953125,1378.699951171875,1414.0,43275890000,2008.0,2.1470427,1.38696881,211.445,4.24,5.0,14709.378,0.49442,1378.550048828125
313,2008-02,1396.02001953125,1316.75,1351.0527232776988,43550320000,2008.0833333333333,2.174666,1.39949068,212.174,3.94,5.0,14706.538,0.60719,1330.6300048828125
314,2008-03,1344.18994140625,1272.6600341796875,1309.5909912109375,46053070000,2008.1666666666667,2.0725733,1.11112286,212.687,2.98,4.9,14759.592333333334,0.98483,1322.699951171875
315,2008-04,1386.739990234375,1324.3499755859375,1356.9200217507102,42151900000,2008.25,1.9412978,1.02522008,213.448,2.61,5.1,14812.646666666666,0.79698,1385.5899658203125
316,2008-05,1424.4000244140625,1383.0699462890625,1406.0336359197443,42363100000,2008.3333333333333,2.0011092,1.06289422,213.942,2.28,5.0,14865.701,0.48831,1400.3800048828125
317,2008-06,1404.050048828125,1331.2900390625,1366.0840087890624,44206070000,2008.4166666666667,2.2201559,1.40051629,215.208,1.98,5.4,14876.800333333333,0.55952,1280.0
318,2008-07,1292.1700439453125,1200.43994140625,1251.61201171875,56231630000,2008.5,2.3034655,1.48755401,217.463,2.0,5.6,14887.899666666666,0.72757,1267.3800048828125
319,2008-08,1313.1500244140625,1247.449951171875,1283.4227072975852,48298090000,2008.5833333333333,2.343078,1.44558109,219.016,2.01,5.8,14898.999,0.6444,1282.8299560546875
320,2008-09,1303.0400390625,1192.699951171875,1244.9489990234374,62767550000,2008.6666666666667,2.3471243,1.35649733,218.69,2.0,6.1,14802.069,1.23424,1166.3599853515625
321,2008-10,1167.030029296875,839.7999877929688,1011.9063665216619,82768370000,2008.75,2.2096956,1.23957472,218.877,1.81,6.1,14705.139000000001,2.48296,968.75
322,2008-11,1007.510009765625,818.6900024414062,921.572998046875,55548750000,2008.8333333333333,2.1066821,1.48506331,216.995,0.97,6.5,14608.209,2.74768,896.239990234375
323,2008-12,918.5700073242188,815.6900024414062,870.5954534357244,65114410000,2008.9166666666667,2.0072092,1.63162854,213.153,0.39,6.8,14549.106666666667,2.782,903.25
324,2009-01,943.8499755859375,817.0399780273438,892.9089965820312,52775530000,2009.0,1.5806981,0.97537985,211.398,0.16,7.3,14490.004333333334,2.11073,825.8800048828125
325,2009-02,875.010009765625,808.0599975585938,840.3449951171875,61132270000,2009.0833333333333,1.621304,0.93854104,211.933,0.15,7.8,14430.902,1.80419,735.0900268554688
326,2009-03,758.2899780273438,666.7899780273438,710.072998046875,75261400000,2009.1666666666667,1.6701025,1.03930649,212.705,0.22,8.3,14414.346666666666,1.88709,797.8699951171875
327,2009-04,864.3099975585938,783.3200073242188,837.2999938964844,64583170000,2009.25,1.6327655,1.25074177,212.495,0.18,8.7,14397.791333333334,1.45757,872.8099975585938
328,2009-05,930.1699829101562,866.0999755859375,902.0154529918324,76761050000,2009.3333333333333,1.6962653,0.71281967,212.709,0.15,9.0,14381.236,0.89992,919.1400146484375
329,2009-06,956.22998046875,919.6500244140625,939.7690984552556,57341990000,2009.4166666666667,1.8570946,1.0174109,213.022,0.18,9.4,14403.784666666666,0.71573,919.3200073242188
330,2009-07,933.9500122070312,869.3200073242188,898.0440002441406,45104610000,2009.5,2.0073266,1.32210554,214.79,0.21,9.5,14426.333333333334,0.56593,987.47998046875
331,2009-08,1018.0,990.219970703125,1004.2639953613282,59008550000,2009.5833333333333,2.0420241,1.26690282,214.726,0.16,9.5,14448.882,0.22835,1020.6199951171875
332,2009-09,1056.0400390625,991.969970703125,1026.002996826172,53143660000,2009.6666666666667,2.0934921,1.15904037,215.445,0.16,9.6,14516.337666666666,0.09185,1057.0799560546875
333,2009-10,1096.56005859375,1019.9500122070312,1062.0681596235795,52515350000,2009.75,2.0688171,0.94923764,215.861,0.15,9.8,14583.793333333333,0.0041,1036.18994140625
334,2009-11,1105.3699951171875,1029.3800048828125,1073.60400390625,47545490000,2009.8333333333333,1.9561555,0.99714116,216.509,0.12,10.0,14651.249,-0.05136,1095.6300048828125
335,2009-12,1119.1300048828125,1085.8900146484375,1104.176358309659,49129790000,2009.9166666666667,2.0233626,1.06141004,217.234,0.12,9.9,14689.036,-0.13007,1115.0999755859375
336,2010-01,1150.4100341796875,1116.56005859375,1140.668994140625,42931580000,2010.0,1.9064085,0.84804056,217.347,0.12,9.9,14726.823,-0.24421,1073.8699951171875
337,2010-02,1104.72998046875,1044.5,1076.8459838867188,47428270000,2010.0833333333333,2.0911325,1.29792486,217.488,0.11,9.8,14764.61,-0.22901,1104.489990234375
338,2010-03,1153.4100341796875,1105.3599853515625,1135.4345370205965,48202350000,2010.1666666666667,2.0165529,1.12451541,217.281,0.13,9.8,14836.471,-0.38837,1169.4300537109375
339,2010-04,1213.9200439453125,1170.68994140625,1193.433984375,48080680000,2010.25,2.0067599,0.99873153,217.353,0.16,9.9,14908.332,-0.51344,1186.68994140625
340,2010-05,1205.1300048828125,1065.7900390625,1156.1070068359375,67378180000,2010.3333333333333,2.0631275,1.3091053,217.403,0.2,9.9,14980.193,-0.22959,1089.4100341796875
341,2010-06,1115.5899658203125,1042.1700439453125,1080.750887784091,57392280000,2010.4166666666667,2.0234055,1.22638786,217.29,0.2,9.6,15033.997666666666,-0.06435,1030.7099609375
342,2010-07,1099.4599609375,1010.9099731445312,1065.2230041503906,45222730000,2010.5,1.8811319,1.01936098,217.199,0.18,9.4,15087.802333333333,-0.19323,1101.5999755859375
343,2010-08,1129.239990234375,1076.68994140625,1112.2190063476562,40137820000,2010.5833333333333,1.7304709,0.84675907,217.605,0.18,9.4,15141.607,-0.32404,1049.3299560546875
344,2010-09,1127.3599853515625,1049.719970703125,1104.7410034179688,36828480000,2010.6666666666667,1.7086811,0.65616389,217.923,0.19,9.5,15197.562666666667,-0.33197,1141.199951171875
345,2010-10,1184.3800048828125,1131.8699951171875,1162.7627286044035,46072790000,2010.75,1.580762,0.57706775,218.275,0.19,9.5,15253.518333333333,-0.45343,1183.260009765625
346,2010-11,1227.0799560546875,1177.6500244140625,1208.0618119673295,48988470000,2010.8333333333333,1.5742367,0.40880525,219.035,0.19,9.4,15309.474,-0.49487,1180.550048828125
347,2010-12,1246.72998046875,1186.5999755859375,1228.9218084161932,50331030000,2010.9166666666667,1.5460638,0.33888956,219.59,0.19,9.8,15323.465333333334,-0.49758,1257.6400146484375
348,2011-01,1293.239990234375,1257.6199951171875,1277.1169921875,44941790000,2011.0,1.6945193,0.62620927,220.472,0.18,9.3,15337.456666666667,-0.59449,1286.1199951171875
349,2011-02,1332.9599609375,1289.1400146484375,1318.676358309659,45163550000,2011.0833333333333,1.9670054,0.86397716,221.187,0.17,9.1,15351.448,-0.63255,1327.219970703125
350,2011-03,1332.280029296875,1261.1199951171875,1308.7736261541193,40690490000,2011.1666666666667,1.9901515,0.82968718,221.898,0.16,9.0,15420.145,-0.5687,1325.8299560546875
351,2011-04,1339.4599609375,1302.4200439453125,1325.669111772017,43813600000,2011.25,2.048335,0.87385088,223.046,0.14,9.0,15488.842,-0.61219,1363.6099853515625
352,2011-05,1370.5799560546875,1329.1700439453125,1347.2409912109374,39902830000,2011.3333333333333,2.099215,0.97750283,224.093,0.1,9.1,15557.539,-0.60617,1345.199951171875
353,2011-06,1345.199951171875,1261.9000244140625,1287.5836403586648,41763390000,2011.4166666666667,2.032293,0.71147484,224.806,0.09,9.0,15587.586000000001,-0.53992,1320.6400146484375
354,2011-07,1356.47998046875,1306.510009765625,1328.9650024414063,39515760000,2011.5,1.894122,0.49226699,224.806,0.09,9.1,15617.633,-0.49626,1292.280029296875
355,2011-08,1307.3800048828125,1101.5400390625,1197.2245427911932,49939900000,2011.5833333333333,1.9889734,0.57395235,225.395,0.07,9.0,15647.68,-0.23418,1218.8900146484375
356,2011-09,1229.2900390625,1136.0699462890625,1181.531005859375,47095100000,2011.6666666666667,1.7313642,0.39497491,226.106,0.1,9.0,15712.539666666667,-0.0262,1131.4200439453125
357,2011-10,1224.6099853515625,1074.77001953125,1171.3559936523438,45353960000,2011.75,1.5583105,0.21493888,226.597,0.08,9.0,15777.399333333333,-0.02318,1253.300048828125
358,2011-11,1277.550048828125,1215.4200439453125,1249.9854625355113,44625750000,2011.8333333333333,1.5883361,0.09856249,226.75,0.07,8.8,15842.259,-0.05261,1246.9599609375
359,2011-12,1267.06005859375,1209.469970703125,1240.4299760298295,43965570000,2011.9166666666667,1.6085842,0.13706953,227.169,0.08,8.6,15917.774333333333,-0.01598,1257.5999755859375
360,2012-01,1296.8199462890625,1258.8599853515625,1284.7866753472222,34783010000,2012.0,1.6422125,0.14446831,227.223,0.07,8.5,15993.289666666667,-0.19702,1312.4100341796875
361,2012-02,1355.8699951171875,1312.449951171875,1343.2690873579545,44128090000,2012.0833333333333,1.6011744,0.14610051,227.842,0.08,8.3,16068.805,-0.36851,1365.6800537109375
362,2012-03,1402.6300048828125,1340.030029296875,1373.1581698330965,41828450000,2012.1666666666667,1.5458862,0.02185103,228.329,0.1,8.3,16114.908333333333,-0.41411,1408.469970703125
363,2012-04,1422.3800048828125,1357.3800048828125,1388.532199435764,33729320000,2012.25,1.5801475,0.16923691,228.807,0.13,8.2,16161.011666666667,-0.40357,1397.9100341796875
364,2012-05,1415.3199462890625,1328.4100341796875,1367.00634765625,43100680000,2012.3333333333333,1.6497201,0.19464573,229.187,0.14,8.2,16207.115,-0.3068,1310.3299560546875
365,2012-06,1343.3199462890625,1266.739990234375,1310.6754705255682,42684480000,2012.4166666666667,1.5553438,-0.08722198,228.713,0.16,8.2,16244.590333333334,-0.21268,1362.1600341796875
366,2012-07,1374.81005859375,1325.4100341796875,1354.3011067708333,27873820000,2012.5,1.4156358,-0.04815105,228.524,0.16,8.2,16282.065666666665,-0.30704,1379.3199462890625
367,2012-08,1410.030029296875,1354.6500244140625,1395.5772705078125,36386390000,2012.5833333333333,1.4852789,-0.05482603,228.59,0.16,8.2,16319.541,-0.38355,1406.5799560546875
368,2012-09,1474.510009765625,1396.56005859375,1433.7088894314236,34282950000,2012.6666666666667,1.480409,-0.06008478,229.918,0.13,8.1,16353.167,-0.47743,1440.6700439453125
369,2012-10,1470.9599609375,1425.530029296875,1445.0036399147727,36208510000,2012.75,1.5292492,-0.16925714,231.015,0.14,7.8,16386.793,-0.53632,1412.1600341796875
370,2012-11,1434.27001953125,1348.050048828125,1391.1554509943182,39735210000,2012.8333333333333,1.5026504,-0.09317224,231.638,0.16,7.8,16420.419,-0.52758,1416.1800537109375
371,2012-12,1438.5899658203125,1398.22998046875,1416.5699829101563,33849610000,2012.9166666666667,1.5179508,-0.00573705,231.249,0.16,7.7,16496.342333333334,-0.56204,1426.18994140625
372,2013-01,1473.31005859375,1426.18994140625,1465.5510131835938,35598430000,2013.0,1.5262619,-0.17237745,231.221,0.16,7.9,16572.265666666666,-0.61898,1498.1099853515625
373,2013-02,1524.68994140625,1495.02001953125,1514.3227428089488,38139580000,2013.0833333333333,1.4890559,0.08440142,231.679,0.14,8.0,16648.189,-0.63699,1514.6800537109375
374,2013-03,1563.6199951171875,1501.47998046875,1546.112715287642,39759520000,2013.1666666666667,1.5381946,0.17210018,232.937,0.15,7.7,16675.021666666667,-0.65356,1569.18994140625
375,2013-04,1597.3499755859375,1539.5,1568.4872602982955,37845580000,2013.25,1.4118858,0.05034072,232.282,0.14,7.5,16701.854333333333,-0.67918,1597.5699462890625
376,2013-05,1661.489990234375,1581.280029296875,1624.9199884588068,36997400000,2013.3333333333333,1.4618435,-0.02421188,231.797,0.15,7.6,16728.687,-0.72718,1630.739990234375
377,2013-06,1648.68994140625,1598.22998046875,1629.1190185546875,34092640000,2013.4166666666667,1.4138488,-0.01939123,231.893,0.11,7.5,16803.737333333334,-0.64874,1606.280029296875
378,2013-07,1684.510009765625,1604.5699462890625,1645.9449829101563,29811580000,2013.5,1.5503442,0.22769375,232.445,0.09,7.5,16878.787666666667,-0.63284,1685.72998046875
379,2013-08,1709.6700439453125,1658.5899658203125,1693.7454612038352,33944710000,2013.5833333333333,1.634568,0.54638104,232.9,0.09,7.3,16953.838,-0.67538,1632.969970703125
380,2013-09,1689.969970703125,1633.4100341796875,1668.8155517578125,28897580000,2013.6666666666667,1.7580797,0.47506869,233.456,0.08,7.2,17033.231666666667,-0.66356,1681.550048828125
381,2013-10,1711.5699462890625,1646.469970703125,1686.3600075461648,34588060000,2013.75,1.8688006,0.54083451,233.544,0.08,7.2,17112.625333333333,-0.70653,1756.5400390625
382,2013-11,1798.219970703125,1746.199951171875,1771.9245494495738,37176760000,2013.8333333333333,1.7246934,0.49296942,233.669,0.09,7.2,17192.019,-0.77973,1805.81005859375
383,2013-12,1811.52001953125,1772.280029296875,1792.3010009765626,32755160000,2013.9166666666667,1.7163045,0.48963774,234.1,0.08,6.9,17193.925333333333,-0.79725,1848.3599853515625
384,2014-01,1850.8399658203125,1815.52001953125,1835.2449951171875,33952890000,2014.0,1.7851389,0.41829993,234.719,0.09,6.7,17195.83166666667,-0.79231,1782.5899658203125
385,2014-02,1841.6500244140625,1737.9200439453125,1792.6489990234375,37122320000,2014.0833333333333,1.8490071,0.68063671,235.288,0.07,6.6,17197.738,-0.76916,1859.449951171875
386,2014-03,1883.5699462890625,1834.43994140625,1864.8990112304687,34153230000,2014.1666666666667,1.7690838,0.50867731,235.547,0.07,6.7,17304.661333333333,-0.78622,1872.3399658203125
387,2014-04,1897.280029296875,1814.3599853515625,1856.5290860262785,38289060000,2014.25,1.7451938,0.58045318,236.028,0.08,6.7,17411.58466666667,-0.78095,1883.949951171875
388,2014-05,1902.1700439453125,1859.7900390625,1882.090909090909,34984800000,2014.3333333333333,1.87485,0.7022221,236.468,0.09,6.2,17518.508,-0.78073,1923.5699462890625
389,2014-06,1955.550048828125,1915.97998046875,1937.92099609375,28011560000,2014.4166666666667,1.8687902,0.62685415,236.918,0.09,6.3,17613.748,-0.81272,1960.22998046875
390,2014-07,1985.5899658203125,1952.8599853515625,1973.0199829101562,28804280000,2014.5,1.8300901,0.62452944,237.231,0.1,6.1,17708.988,-0.78564,1930.6700439453125
391,2014-08,1964.0400390625,1904.780029296875,1933.9436368075285,33744500000,2014.5833333333333,1.8823807,0.59099495,237.498,0.09,6.2,17804.228,-0.74254,2003.3699951171875
392,2014-09,2011.1700439453125,1978.47998046875,1996.114990234375,29029810000,2014.6666666666667,1.8790741,0.6494057,237.46,0.09,6.1,17840.178333333333,-0.72252,1972.2900390625
393,2014-10,1977.8399658203125,1820.6600341796875,1925.3009033203125,47400000000,2014.75,1.9131183,0.58085993,237.477,0.09,5.9,17876.128666666667,-0.64888,2018.050048828125
394,2014-11,2046.1800537109375,2001.010009765625,2031.1949951171875,34824650000,2014.8333333333333,1.8727096,0.7009647,237.43,0.09,5.7,17912.079,-0.67057,2067.56005859375
395,2014-12,2079.469970703125,1982.260009765625,2046.833651455966,42609470000,2014.9166666666667,1.8157437,0.71330026,236.983,0.09,5.8,17962.562333333335,-0.62512,2058.89990234375
396,2015-01,2072.360107421875,1988.43994140625,2026.9469970703126,38290720000,2015.0,1.8521375,0.38472537,236.252,0.12,5.6,18013.045666666665,-0.54364,1994.989990234375
397,2015-02,2097.030029296875,1980.9000244140625,2059.9710083007812,38953160000,2015.0833333333333,1.6943704,0.7099428,234.747,0.11,5.7,18063.529,-0.52705,2104.5
398,2015-03,2117.52001953125,2039.68994140625,2077.9179809570314,34378480000,2015.1666666666667,1.5339526,0.53838038,235.342,0.11,5.5,18135.613999999998,-0.556,2067.889892578125
399,2015-04,2111.909912109375,2048.3798828125,2085.3639892578126,32825050000,2015.25,1.7034873,0.75170542,235.976,0.11,5.4,18207.699,-0.56922,2085.510009765625
400,2015-05,2123.889892578125,2067.929931640625,2103.9318403764205,36957480000,2015.3333333333333,1.7122854,0.41032252,236.222,0.12,5.4,18279.784,-0.56143,2107.389892578125
401,2015-06,2121.919921875,2072.139892578125,2097.827303799716,33880400000,2015.4166666666667,1.793767,0.53392144,237.001,0.12,5.6,18320.398,-0.55814,2063.110107421875
402,2015-07,2114.139892578125,2044.02001953125,2079.4860229492188,34150140000,2015.5,1.8240356,0.5537778,237.657,0.13,5.3,18361.012,-0.53849,2103.840087890625
403,2015-08,2112.659912109375,2052.090087890625,2090.1560302734374,36350410000,2015.5833333333333,1.8829511,0.6670749,238.034,0.13,5.2,18401.626,-0.46723,1972.1800537109375
404,2015-09,1988.6300048828125,1903.0699462890625,1949.0970092773437,35088000000,2015.6666666666667,1.817785,0.54830556,238.033,0.14,5.1,18412.796333333332,-0.39545,1920.030029296875
405,2015-10,2024.1500244140625,1893.699951171875,1991.4136297052557,42897620000,2015.75,1.83859304,0.51245991,237.498,0.14,5.0,18423.966666666667,-0.43872,2079.360107421875
406,2015-11,2116.47998046875,2022.02001953125,2081.9590087890624,40223180000,2015.8333333333333,1.7425951,0.52877171,237.733,0.12,5.0,18435.137,-0.48813,2080.409912109375
407,2015-12,2104.27001953125,1993.260009765625,2058.334550337358,45768990000,2015.9166666666667,1.802926,0.6662057,238.017,0.12,5.1,18465.40233333333,-0.41513,2043.93994140625
408,2016-01,2038.199951171875,1857.8299560546875,1943.9550048828125,47380840000,2016.0,1.81273123,0.64742223,237.761,0.24,5.0,18495.667666666668,-0.30787,1940.239990234375
409,2016-02,1947.199951171875,1810.0999755859375,1880.1809936523437,49570500000,2016.0833333333333,1.85042813,0.73450597,237.652,0.34,4.8,18525.933,-0.27221,1932.22998046875
410,2016-03,2024.5699462890625,1937.0899658203125,1997.7999933416193,49769480000,2016.1666666666667,1.7071694,0.538738,237.336,0.38,4.9,18587.856,-0.35788,2059.739990234375
411,2016-04,2087.840087890625,2033.800048828125,2062.7172518643465,41768930000,2016.25,1.64890624,0.55140742,238.08,0.36,5.0,18649.779000000002,-0.3968,2065.300048828125
412,2016-05,2084.8701171875,2039.449951171875,2062.1949829101563,38451010000,2016.3333333333333,1.71603963,0.34527268,238.992,0.37,5.1,18711.702,-0.38989,2096.949951171875
413,2016-06,2120.550048828125,2064.10009765625,2098.346368963068,38826330000,2016.4166666666667,1.74893221,0.41364983,239.557,0.37,4.8,18772.014333333333,-0.36585,2098.860107421875
414,2016-07,2169.050048828125,2074.02001953125,2128.624951171875,35680390000,2016.5,1.72374515,0.51909852,240.222,0.38,4.9,18832.326666666668,-0.35519,2173.60009765625
415,2016-08,2193.81005859375,2147.580078125,2176.0809215198865,37932690000,2016.5833333333333,1.63004592,0.16534694,240.101,0.39,4.8,18892.639,-0.37,2170.949951171875
416,2016-09,2187.8701171875,2119.1201171875,2159.168017578125,36402080000,2016.6666666666667,1.64768851,0.22683746,240.545,0.4,4.9,18958.219,-0.34147,2168.27001953125
417,2016-10,2169.60009765625,2114.719970703125,2149.102978515625,33690950000,2016.75,1.72789683,0.2160743,241.176,0.4,5.0,19023.799,-0.35064,2126.14990234375
418,2016-11,2182.300048828125,2083.7900390625,2135.8508744673295,51865700000,2016.8333333333333,1.70459005,0.28979681,241.741,0.4,4.9,19089.379,-0.40419,2198.81005859375
419,2016-12,2277.530029296875,2187.43994140625,2235.548184481534,45696970000,2016.9166666666667,1.75829573,0.34660933,242.026,0.41,4.7,19152.947333333334,-0.45433,2238.830078125
420,2017-01,2282.10009765625,2245.1298828125,2270.306640625,31711330000,2017.0,1.95369171,0.70045658,242.637,0.54,4.7,19216.515666666666,-0.4801,2278.8701171875
421,2017-02,2351.300048828125,2271.64990234375,2307.0164018110795,39356200000,2017.0833333333333,1.92241681,0.72565107,243.618,0.65,4.7,19280.084,-0.48738,2363.639892578125
422,2017-03,2400.97998046875,2354.5400390625,2375.393643465909,39723260000,2017.1666666666667,1.92235723,0.77438158,244.006,0.66,4.6,19332.936999999998,-0.4768,2362.719970703125
423,2017-04,2378.360107421875,2328.949951171875,2352.1999782986113,28926820000,2017.25,1.88654098,0.91650302,243.892,0.79,4.4,19385.79,-0.47922,2384.199951171875
424,2017-05,2404.050048828125,2379.75,2394.5481400923295,40130330000,2017.3333333333333,1.85758237,0.76575378,244.193,0.9,4.4,19438.643,-0.52013,2411.800048828125
425,2017-06,2446.199951171875,2413.5400390625,2433.9436479048295,39202350000,2017.4166666666667,1.84054543,0.7764088,244.004,0.91,4.4,19523.29366666667,-0.5569,2423.409912109375
426,2017-07,2463.5400390625,2407.699951171875,2433.310004340278,26670280000,2017.5,1.73020088,0.73611135,244.163,1.04,4.3,19607.944333333333,-0.57639,2470.300048828125
427,2017-08,2490.8701171875,2437.75,2467.5218394886365,35997770000,2017.5833333333333,1.84955694,0.72501612,244.243,1.15,4.3,19692.595,-0.5707,2471.64990234375
428,2017-09,2500.22998046875,2446.550048828125,2480.5280517578126,34473860000,2017.6666666666667,1.8153385,0.67086016,245.183,1.16,4.4,19807.426,-0.56035,2519.360107421875
429,2017-10,2557.64990234375,2520.39990234375,2545.7550048828125,30027240000,2017.75,1.84386995,0.56521264,246.435,1.15,4.3,19922.257,-0.59177,2575.260009765625
430,2017-11,2597.02001953125,2557.449951171875,2583.4954944957385,40684870000,2017.8333333333333,1.89298914,0.72914351,246.626,1.15,4.2,20037.088,-0.61894,2647.580078125
431,2017-12,2679.6298828125,2605.52001953125,2649.4318403764205,40659650000,2017.9166666666667,1.92496508,0.75219045,247.284,1.16,4.2,20134.243,-0.62229,2673.610107421875
432,2018-01,2787.85009765625,2682.360107421875,2741.8933376736113,31404510000,2018.0,2.01118703,0.57304923,247.805,1.3,4.1,20231.398,-0.63663,2823.81005859375
433,2018-02,2835.9599609375,2532.68994140625,2687.1972212357955,50496880000,2018.0833333333333,1.95641907,0.87378801,248.859,1.41,4.0,20328.553,-0.57427,2713.830078125
434,2018-03,2801.89990234375,2647.320068359375,2737.769109552557,38997600000,2018.1666666666667,2.07333165,1.08846929,249.529,1.42,4.1,20412.672666666665,-0.51763,2640.8701171875
435,2018-04,2680.260009765625,2553.800048828125,2634.083984375,32687330000,2018.25,1.97024161,1.02953583,249.577,1.51,4.0,20496.792333333335,-0.49727,2648.050048828125
436,2018-05,2742.10009765625,2594.6201171875,2683.4845081676135,38279230000,2018.3333333333333,1.98436343,1.01435433,250.227,1.69,4.0,20580.912,-0.54803,2705.27001953125
437,2018-06,2791.469970703125,2718.699951171875,2768.970037286932,40683180000,2018.4166666666667,2.09161804,1.2160918,250.792,1.7,3.8,20653.518,-0.5281,2718.3701171875
438,2018-07,2804.530029296875,2698.949951171875,2765.3322482638887,25167310000,2018.5,2.04590296,1.24572814,251.018,1.82,4.0,20726.124,-0.5255,2816.2900390625
439,2018-08,2863.429931640625,2796.340087890625,2837.69091796875,35237530000,2018.5833333333333,2.09571821,1.15523371,251.214,1.91,3.8,20798.73,-0.56952,2901.52001953125
440,2018-09,2908.300048828125,2864.1201171875,2888.683295355903,27907400000,2018.6666666666667,2.14036185,1.25524162,251.663,1.91,3.8,20838.442333333332,-0.58989,2913.97998046875
441,2018-10,2939.860107421875,2710.510009765625,2850.6772904829545,41018240000,2018.75,2.13615266,1.1321469,252.182,1.95,3.7,20878.154666666665,-0.56067,2711.739990234375
442,2018-11,2815.14990234375,2670.75,2749.009099786932,44286260000,2018.8333333333333,2.16677604,1.30012681,252.772,2.19,3.8,20917.867,-0.4998,2760.169921875
443,2018-12,2800.179931640625,2583.22998046875,2666.1689181857637,38358290000,2018.9166666666667,2.15417847,1.30865835,252.594,2.2,3.8,20979.955666666665,-0.39232,2506.85009765625
444,2019-01,2613.080078125,2443.9599609375,2558.4729736328127,38627360000,2019.0,2.09134924,1.25496666,252.767,2.27,3.9,21042.044333333335,-0.4324,2704.10009765625
445,2019-02,2775.659912109375,2681.830078125,2731.2300248579545,40417030000,2019.0833333333333,1.95832446,1.04043434,252.561,2.4,4.0,21104.133,-0.55225,2784.489990234375
446,2019-03,2830.72998046875,2722.27001953125,2787.8454367897725,43187580000,2019.1666666666667,1.97069441,1.06818285,253.319,2.4,3.8,21197.680333333334,-0.58954,2834.39990234375
447,2019-04,2910.5400390625,2848.6298828125,2885.768155184659,35584410000,2019.25,1.69207771,0.51720765,254.277,2.41,3.8,21291.22766666667,-0.60642,2945.830078125
448,2019-05,2954.1298828125,2801.429931640625,2884.7445179332385,38990090000,2019.3333333333333,1.74737586,0.42030375,255.233,2.42,3.7,21384.775,-0.59546,2752.06005859375
449,2019-06,2910.610107421875,2728.81005859375,2852.160986328125,33920980000,2019.4166666666667,1.80265678,0.5404288,255.296,2.39,3.6,21487.944,-0.56302,2941.760009765625
450,2019-07,3017.800048828125,2952.219970703125,2990.0199951171876,29277040000,2019.5,1.63705342,0.42130162,255.213,2.38,3.6,21591.113,-0.57429,2980.3798828125
451,2019-08,3013.590087890625,2822.1201171875,2895.460027521307,44916840000,2019.5833333333333,1.67609847,0.44057188,255.802,2.4,3.7,21694.282,-0.54951,2926.4599609375
452,2019-09,3020.739990234375,2891.85009765625,2974.9410807291665,33420200000,2019.6666666666667,1.65909585,0.42005179,256.036,2.13,3.6,21763.65133333333,-0.50679,2976.739990234375
453,2019-10,3003.280029296875,2855.93994140625,2937.452703302557,35780840000,2019.75,1.56044845,0.23500552,256.43,2.04,3.5,21833.020666666667,-0.49906,3037.56005859375
454,2019-11,3120.4599609375,3050.719970703125,3087.7109153053975,41442870000,2019.8333333333333,1.64198724,0.36832453,257.155,1.83,3.6,21902.39,-0.57108,3140.97998046875
455,2019-12,3182.679931640625,3070.330078125,3133.064990234375,35269380000,2019.9166666666667,1.67935282,0.43361185,257.879,1.55,3.6,21837.097666666665,-0.53546,3230.780029296875
456,2020-01,3298.659912109375,3214.639892578125,3262.9830078125,35534150000,2020.0,1.7145255,0.51426493,258.63,1.55,3.6,21771.805333333334,-0.56985,3225.52001953125
457,2020-02,3385.090087890625,3235.659912109375,3339.8079833984375,37577180000,2020.0833333333333,1.7346773,0.50509631,258.906,1.55,3.6,21706.513,-0.56469,2954.219970703125
458,2020-03,3136.719970703125,2478.860107421875,2878.1860107421876,70629800000,2020.1666666666667,1.61900368,0.31598579,259.246,1.58,3.5,21108.722999999998,0.07978,2584.590087890625
459,2020-04,2851.85009765625,2447.489990234375,2673.998974609375,61897930000,2020.25,1.26977517,-0.12783745,258.15,0.65,4.4,20510.933,0.39391,2912.429931640625
460,2020-05,2945.820068359375,2766.639892578125,2867.0736194957385,56833260000,2020.3333333333333,1.15834975,-0.11159442,256.126,0.05,14.8,19913.143,-0.08599,3044.31005859375
461,2020-06,3233.1298828125,2965.659912109375,3118.673650568182,71125700000,2020.4166666666667,1.16234276,-0.02785652,255.848,0.05,13.2,20491.308666666668,-0.33969,3100.2900390625
462,2020-07,3238.280029296875,3101.169921875,3165.7240234375,46379000000,2020.5,1.23186673,-0.15369936,257.004,0.08,11.0,21069.47433333333,-0.40319,3271.1201171875
463,2020-08,3387.889892578125,3284.530029296875,3345.01201171875,41396840000,2020.5833333333333,1.34690049,-0.3453445,258.408,0.09,10.2,21647.64,-0.5019,3500.31005859375
464,2020-09,3588.110107421875,3310.469970703125,3418.52099609375,42190020000,2020.6666666666667,1.34095578,-0.407134,259.366,0.1,8.4,21773.260666666665,-0.49581,3363.0
465,2020-10,3549.85009765625,3323.68994140625,3441.850896661932,42454030000,2020.75,1.35099923,-0.34333693,259.951,0.09,7.8,21898.881333333335,-0.47693,3269.9599609375
466,2020-11,3645.989990234375,3279.739990234375,3493.357958984375,51919860000,2020.8333333333333,1.33753773,-0.29173845,260.249,0.09,6.8,22024.502,-0.52439,3621.6298828125
467,2020-12,3712.389892578125,3633.39990234375,3676.1818403764205,53291260000,2020.9166666666667,1.37663264,-0.21395564,260.895,0.09,6.7,22216.396333333334,-0.58093,3756.070068359375
468,2021-01,3826.68994140625,3662.7099609375,3777.8550048828124,50173520000,2021.0,1.41717038,-0.23232146,262.005,0.09,6.7,22408.290666666668,-0.61089,3714.239990234375
469,2021-02,3937.22998046875,3725.6201171875,3877.6820068359375,48353670000,2021.0833333333333,1.37942385,-0.23501721,262.518,0.09,6.4,22600.185,-0.61417,3811.14990234375
470,2021-03,3970.080078125,3723.340087890625,3877.2236550071025,62792870000,2021.1666666666667,1.42757598,-0.2308238,263.583,0.08,6.2,22830.910666666667,-0.6296,3972.889892578125
471,2021-04,4173.490234375,3992.780029296875,4104.22998046875,39259120000,2021.25,1.4974036,0.01250687,264.91,0.07,6.1,23061.636333333336,-0.65625,4181.169921875
472,2021-05,4238.0400390625,4056.8798828125,4164.905078125,44233580000,2021.3333333333333,1.58314707,0.11804694,266.752,0.07,6.1,23292.362,-0.68611,4204.10986328125
473,2021-06,4257.16015625,4167.93017578125,4226.780894886364,50909260000,2021.4166666666667,1.57835302,0.03694758,268.452,0.06,5.8,23471.232333333333,-0.69641,4297.5
474,2021-07,4393.68017578125,4289.3701171875,4355.248876953125,38231130000,2021.5,1.59628851,-0.00566485,270.664,0.08,5.9,23650.10266666667,-0.67114,4395.259765625
475,2021-08,4468.3701171875,4373.0,4431.89306640625,36431550000,2021.5833333333333,1.62481074,0.03504108,271.994,0.1,5.4,23828.973,-0.63748,4522.68017578125
476,2021-09,4545.85009765625,4435.4599609375,4497.490966796875,37559970000,2021.6666666666667,1.58016294,-0.26101879,272.789,0.09,5.1,24104.183,-0.64075,4307.5400390625
477,2021-10,4475.81982421875,4278.93994140625,4376.649014559659,41232810000,2021.75,1.64278592,-0.19473087,273.887,0.08,4.7,24379.393,-0.64227,4605.3798828125
478,2021-11,4718.5,4595.06005859375,4666.4599609375,45230320000,2021.8333333333333,1.61273952,0.08790114,276.434,0.08,4.5,24654.603,-0.5851,4567.0
479,2021-12,4713.56982421875,4495.1201171875,4636.416415127841,50748520000,2021.9166666666667,1.75849648,0.16399788,278.799,0.08,4.1,24779.440666666665,-0.5265,4766.18017578125
480,2022-01,4818.6201171875,4582.240234375,4709.5349609375,43130780000,2022.0,1.75897506,0.09168917,280.808,0.08,3.9,24904.278333333335,-0.54888,4515.5498046875
481,2022-02,4595.31005859375,4364.83984375,4500.176358309659,51216700000,2022.0833333333333,1.7965635,0.3194951,282.39,0.08,4.0,25029.116,-0.48329,4373.93994140625
482,2022-03,4416.77978515625,4157.8701171875,4266.747292258523,62754490000,2022.1666666666667,1.92112169,0.44159289,284.535,0.08,3.8,25200.835000000003,-0.35798,4530.41015625
483,2022-04,4593.4501953125,4381.33984375,4477.241943359375,44132050000,2022.25,1.94721641,0.34708992,287.553,0.2,3.6,25372.554,-0.34606,4131.93017578125
484,2022-05,4307.66015625,3858.8701171875,4078.26796875,54202440000,2022.3333333333333,2.21125412,0.94940027,288.764,0.33,3.7,25544.273,-0.26291,4132.14990234375
485,2022-06,4177.509765625,3705.679931640625,3998.0227494673295,50734150000,2022.4166666666667,2.37039462,1.20389776,291.359,0.77,3.6,25694.395,-0.19358,3785.3798828125
486,2022-07,3918.5,3721.56005859375,3843.2349853515625,40814220000,2022.5,2.40126382,1.02509351,294.996,1.21,3.6,25844.517,-0.17794,4130.2900390625
487,2022-08,4301.7900390625,4079.81005859375,4174.495472301136,46446770000,2022.5833333333333,2.22257318,1.06217493,294.977,1.68,3.5,25994.639,-0.25846,3955.0
488,2022-09,4119.27978515625,3886.75,3974.317041015625,40478370000,2022.6666666666667,2.09959153,0.8556253,295.209,2.33,3.6,26132.560999999998,-0.18726,3585.6201171875
489,2022-10,3806.909912109375,3491.580078125,3666.8059814453127,44813090000,2022.75,2.36598926,1.20424868,296.341,2.56,3.5,26270.483,-0.10034,3871.97998046875
490,2022-11,4028.840087890625,3698.14990234375,3853.4536576704545,53951760000,2022.8333333333333,2.37080895,1.79733203,297.863,3.08,3.6,26408.405,-0.19744,4080.110107421875
491,2022-12,4100.9599609375,3879.449951171875,3983.7690873579545,47151890000,2022.9166666666667,2.45466999,1.93071305,298.648,3.78,3.6,26543.47033333333,-0.20889,3839.5
492,2023-01,4003.949951171875,3794.330078125,3904.8333604600693,37036350000,2023.0,2.21937769,1.57612515,298.812,4.1,3.5,26678.535666666667,-0.30269,4076.60009765625
493,2023-02,4195.43994140625,4037.199951171875,4129.215420809659,47291240000,2023.0833333333333,2.28560928,1.78309897,300.356,4.33,3.4,26813.601,-0.34852,3970.14990234375
494,2023-03,4078.489990234375,3808.860107421875,3950.1881880326705,52819400000,2023.1666666666667,2.10573941,1.42020217,301.509,4.57,3.6,26896.737999999998,-0.17706,4109.31005859375
495,2023-04,4163.18994140625,4069.840087890625,4112.707763671875,33812090000,2023.25,2.25862414,2.05963636,301.744,4.65,3.5,26979.875,-0.19231,4169.47998046875
496,2023-05,4186.919921875,4048.280029296875,4123.780029296875,43518120000,2023.3333333333333,2.10348814,1.44391386,303.032,4.83,3.4,27063.012,-0.24605,4179.830078125
497,2023-06,4439.2001953125,4171.64013671875,4311.609996448864,45456830000,2023.4166666666667,2.16281462,1.53690406,303.365,5.06,3.7,27245.384,-0.25411,4450.3798828125
498,2023-07,4527.759765625,4385.0498046875,4449.928819444444,31290490000,2023.5,1.75489679,1.06063107,304.003,5.08,3.6,27427.756,-0.27966,4588.9599609375
499,2023-08,4584.6201171875,4432.18994140625,4492.366344105114,43773760000,2023.5833333333333,2.06401319,1.4260473,304.628,5.12,3.5,27610.128,-0.34131,4507.66015625
500,2023-09,4541.25,4430.4599609375,4475.893017578125,38130450000,2023.6666666666667,2.13876555,1.60209539,306.187,5.33,3.8,27725.751333333334,-0.36579,4288.0498046875
501,2023-10,4385.85009765625,4216.4501953125,4309.65205078125,36729820000,2023.75,2.22221813,1.69970754,307.288,5.33,3.8,27841.374666666667,-0.32248,4193.7998046875
502,2023-11,4521.169921875,4197.740234375,4383.076305042614,44582340000,2023.8333333333333,2.36266313,2.08246076,307.531,5.33,3.8,27956.998,-0.37354,4567.7998046875
503,2023-12,4738.56982421875,4546.5,4625.714488636364,51676810000,2023.9166666666667,2.38411387,2.09432864,308.024,5.33,3.7,28061.056666666667,-0.45858,4769.830078125
504,2024-01,4802.39990234375,4682.10986328125,4744.569010416667,33270850000,2024.0,2.27841034,1.68089907,308.742,5.33,3.7,28165.11533333333,-0.49148,4845.64990234375
505,2024-02,5048.39013671875,4853.52001953125,4980.616344105114,46066900000,2024.0833333333333,2.16450727,1.68087145,309.685,5.33,3.7,28269.174,-0.48016,5096.27001953125
506,2024-03,5189.259765625,5056.81982421875,5132.59814453125,51532330000,2024.1666666666667,2.14620097,1.6168231,311.054,5.33,3.9,28396.895,-0.4852,5254.35009765625
507,2024-04,5263.9501953125,5052.47021484375,5179.077325994318,40325830000,2024.25,2.21875271,1.92596928,312.23,5.33,3.8,28524.615999999998,-0.47009,5035.68994140625
508,2024-05,5311.759765625,5011.0498046875,5179.954634232955,45089430000,2024.3333333333333,2.34296136,1.93819396,313.207,5.33,3.9,28652.337,-0.49802,5277.509765625
509,2024-06,5447.25,5234.31982421875,5365.119970703125,36771210000,2024.4166666666667,2.45150113,2.10339878,313.225,5.33,4.0,28929.309590999997,-0.51725,5460.47998046875
510,2024-07,5666.93994140625,5446.52978515625,5570.316015625,33347650000,2024.5,2.36706367,1.99956671,313.049,5.33,4.1,29206.282182,-0.51934,5522.2998046875
511,2024-08,5566.16015625,5119.259765625,5350.892800071023,46087500000,2024.5833333333333,2.36818604,2.04839593,313.534,5.33,4.3,29483.254772999997,-0.49531,5648.39990234375
512,2024-09,5636.27001953125,5402.6201171875,5522.589952256944,33358370000,2024.6666666666667,2.16406862,1.66418984,314.121,5.33,4.2,29483.254772999997,-0.55834,5702.5498046875
